id,filepath,category,traditional,region,occasion,price_range
img_0001,seed_data/images/01_traditional_clothing/image_001_1.jpg,Traditional Clothing,True,Northwest,Wedding,mid-range
img_0002,seed_data/images/01_traditional_clothing/image_002_1.jpg,Traditional Clothing,True,West,Traditional Ceremony,premium
img_0003,seed_data/images/01_traditional_clothing/image_003_1.jpg,Traditional Clothing,True,Littoral,Funeral,mid-range
img_0004,seed_data/images/01_traditional_clothing/image_004_1.jpg,Traditional Clothing,True,Southwest,Graduation,mid-range
img_0005,seed_data/images/01_traditional_clothing/image_005_1.jpg,Traditional Clothing,True,Centre,Cultural Festival,premium
img_0006,seed_data/images/01_traditional_clothing/image_006_1.jpg,Traditional Clothing,True,Northwest,Wedding,mid-range
img_0007,seed_data/images/01_traditional_clothing/image_007_1.jpg,Traditional Clothing,True,West,Traditional Ceremony,premium
img_0008,seed_data/images/01_traditional_clothing/image_008_1.jpg,Traditional Clothing,True,Littoral,Funeral,mid-range
img_0009,seed_data/images/01_traditional_clothing/image_009_1.jpg,Traditional Clothing,True,Southwest,Graduation,mid-range
img_0010,seed_data/images/01_traditional_clothing/image_010_1.jpg,Traditional Clothing,True,Centre,Cultural Festival,premium
img_0011,seed_data/images/01_traditional_clothing/image_011_1.jpg,Traditional Clothing,True,Northwest,Wedding,mid-range
img_0012,seed_data/images/01_traditional_clothing/image_012_1.jpg,Traditional Clothing,True,West,Traditional Ceremony,premium
img_0013,seed_data/images/01_traditional_clothing/image_013_1.jpg,Traditional Clothing,True,Littoral,Funeral,mid-range
img_0014,seed_data/images/01_traditional_clothing/image_014_1.jpg,Traditional Clothing,True,Southwest,Graduation,mid-range
img_0015,seed_data/images/01_traditional_clothing/image_015_1.jpg,Traditional Clothing,True,Centre,Cultural Festival,premium
img_0016,seed_data/images/01_traditional_clothing/image_016_1.jpg,Traditional Clothing,True,Northwest,Wedding,mid-range
img_0017,seed_data/images/01_traditional_clothing/image_017_1.jpg,Traditional Clothing,True,West,Traditional Ceremony,premium
img_0018,seed_data/images/01_traditional_clothing/image_018_1.jpg,Traditional Clothing,True,Littoral,Funeral,mid-range
img_0019,seed_data/images/01_traditional_clothing/image_019_1.jpg,Traditional Clothing,True,Southwest,Graduation,mid-range
img_0020,seed_data/images/01_traditional_clothing/image_020_1.jpg,Traditional Clothing,True,Centre,Cultural Festival,premium
img_0021,seed_data/images/01_traditional_clothing/image_021_1.jpg,Traditional Clothing,True,Northwest,Wedding,mid-range
img_0022,seed_data/images/01_traditional_clothing/image_022_1.jpg,Traditional Clothing,True,West,Traditional Ceremony,premium
img_0023,seed_data/images/01_traditional_clothing/image_023_1.jpg,Traditional Clothing,True,Littoral,Funeral,mid-range
img_0024,seed_data/images/01_traditional_clothing/image_024_1.jpg,Traditional Clothing,True,Southwest,Graduation,mid-range
img_0025,seed_data/images/01_traditional_clothing/image_025_1.jpg,Traditional Clothing,True,Centre,Cultural Festival,premium
img_0026,seed_data/images/01_traditional_clothing/image_026_1.jpg,Traditional Clothing,True,Northwest,Wedding,mid-range
img_0027,seed_data/images/01_traditional_clothing/image_027_1.jpg,Traditional Clothing,True,West,Traditional Ceremony,premium
img_0028,seed_data/images/01_traditional_clothing/image_028_1.jpg,Traditional Clothing,True,Littoral,Funeral,mid-range
img_0029,seed_data/images/01_traditional_clothing/image_029_1.jpg,Traditional Clothing,True,Southwest,Graduation,mid-range
img_0030,seed_data/images/01_traditional_clothing/image_030_1.jpg,Traditional Clothing,True,Centre,Cultural Festival,premium
img_0031,seed_data/images/01_traditional_clothing/image_031_1.jpg,Traditional Clothing,True,Northwest,Wedding,mid-range
img_0032,seed_data/images/01_traditional_clothing/image_032_1.jpg,Traditional Clothing,True,West,Traditional Ceremony,premium
img_0033,seed_data/images/01_traditional_clothing/image_033_1.jpg,Traditional Clothing,True,Littoral,Funeral,mid-range
img_0034,seed_data/images/01_traditional_clothing/image_034_1.jpg,Traditional Clothing,True,Southwest,Graduation,mid-range
img_0035,seed_data/images/01_traditional_clothing/image_035_1.jpg,Traditional Clothing,True,Centre,Cultural Festival,premium
img_0036,seed_data/images/01_traditional_clothing/image_036_1.jpg,Traditional Clothing,True,Northwest,Wedding,mid-range
img_0037,seed_data/images/01_traditional_clothing/image_037_1.jpg,Traditional Clothing,True,West,Traditional Ceremony,premium
img_0038,seed_data/images/01_traditional_clothing/image_038_1.jpg,Traditional Clothing,True,Littoral,Funeral,mid-range
img_0039,seed_data/images/01_traditional_clothing/image_039_1.jpg,Traditional Clothing,True,Southwest,Graduation,mid-range
img_0040,seed_data/images/01_traditional_clothing/image_040_1.jpg,Traditional Clothing,True,Centre,Cultural Festival,premium
img_0041,seed_data/images/01_traditional_clothing/image_041_1.jpg,Traditional Clothing,True,Northwest,Wedding,mid-range
img_0042,seed_data/images/01_traditional_clothing/image_042_1.jpg,Traditional Clothing,True,West,Traditional Ceremony,premium
img_0043,seed_data/images/01_traditional_clothing/image_043_1.jpg,Traditional Clothing,True,Littoral,Funeral,mid-range
img_0044,seed_data/images/01_traditional_clothing/image_044_1.jpg,Traditional Clothing,True,Southwest,Graduation,mid-range
img_0045,seed_data/images/01_traditional_clothing/image_045_1.jpg,Traditional Clothing,True,Centre,Cultural Festival,premium
img_0046,seed_data/images/01_traditional_clothing/image_046_1.jpg,Traditional Clothing,True,Northwest,Wedding,mid-range
img_0047,seed_data/images/01_traditional_clothing/image_047_1.jpg,Traditional Clothing,True,West,Traditional Ceremony,premium
img_0048,seed_data/images/01_traditional_clothing/image_048_1.jpg,Traditional Clothing,True,Littoral,Funeral,mid-range
img_0049,seed_data/images/01_traditional_clothing/image_049_1.jpg,Traditional Clothing,True,Southwest,Graduation,mid-range
img_0050,seed_data/images/01_traditional_clothing/image_050_1.jpg,Traditional Clothing,True,Centre,Cultural Festival,premium
img_0051,seed_data/images/01_traditional_clothing/image_051_1.jpg,Traditional Clothing,True,Northwest,Wedding,mid-range
img_0052,seed_data/images/01_traditional_clothing/image_052_1.jpg,Traditional Clothing,True,West,Traditional Ceremony,premium
img_0053,seed_data/images/01_traditional_clothing/image_053_1.jpg,Traditional Clothing,True,Littoral,Funeral,mid-range
img_0054,seed_data/images/01_traditional_clothing/image_054_1.jpg,Traditional Clothing,True,Southwest,Graduation,mid-range
img_0055,seed_data/images/01_traditional_clothing/image_055_1.jpg,Traditional Clothing,True,Centre,Cultural Festival,premium
img_0056,seed_data/images/01_traditional_clothing/image_056_1.jpg,Traditional Clothing,True,Northwest,Wedding,mid-range
img_0057,seed_data/images/01_traditional_clothing/image_057_1.jpg,Traditional Clothing,True,West,Traditional Ceremony,premium
img_0058,seed_data/images/01_traditional_clothing/image_058_1.jpg,Traditional Clothing,True,Littoral,Funeral,mid-range
img_0059,seed_data/images/01_traditional_clothing/image_059_1.jpg,Traditional Clothing,True,Southwest,Graduation,mid-range
img_0060,seed_data/images/01_traditional_clothing/image_060_1.jpg,Traditional Clothing,True,Centre,Cultural Festival,premium
img_0061,seed_data/images/01_traditional_clothing/image_061_1.jpg,Traditional Clothing,True,Northwest,Wedding,mid-range
img_0062,seed_data/images/01_traditional_clothing/image_062_1.jpg,Traditional Clothing,True,West,Traditional Ceremony,premium
img_0063,seed_data/images/01_traditional_clothing/image_063_1.jpg,Traditional Clothing,True,Littoral,Funeral,mid-range
img_0064,seed_data/images/01_traditional_clothing/image_064_1.jpg,Traditional Clothing,True,Southwest,Graduation,mid-range
img_0065,seed_data/images/01_traditional_clothing/image_065_1.jpg,Traditional Clothing,True,Centre,Cultural Festival,premium
img_0066,seed_data/images/01_traditional_clothing/image_066_1.jpg,Traditional Clothing,True,Northwest,Wedding,mid-range
img_0067,seed_data/images/01_traditional_clothing/image_067_1.jpg,Traditional Clothing,True,West,Traditional Ceremony,premium
img_0068,seed_data/images/01_traditional_clothing/image_068_1.jpg,Traditional Clothing,True,Littoral,Funeral,mid-range
img_0069,seed_data/images/01_traditional_clothing/image_069_1.jpg,Traditional Clothing,True,Southwest,Graduation,mid-range
img_0070,seed_data/images/01_traditional_clothing/image_070_1.jpg,Traditional Clothing,True,Centre,Cultural Festival,premium
img_0071,seed_data/images/01_traditional_clothing/image_071_1.jpg,Traditional Clothing,True,Northwest,Wedding,mid-range
img_0072,seed_data/images/01_traditional_clothing/image_072_1.jpg,Traditional Clothing,True,West,Traditional Ceremony,premium
img_0073,seed_data/images/01_traditional_clothing/image_073_1.jpg,Traditional Clothing,True,Littoral,Funeral,mid-range
img_0074,seed_data/images/01_traditional_clothing/image_074_1.jpg,Traditional Clothing,True,Southwest,Graduation,mid-range
img_0075,seed_data/images/01_traditional_clothing/image_075_1.jpg,Traditional Clothing,True,Centre,Cultural Festival,premium
img_0076,seed_data/images/01_traditional_clothing/image_076_1.jpg,Traditional Clothing,True,Northwest,Wedding,mid-range
img_0077,seed_data/images/01_traditional_clothing/image_077_1.jpg,Traditional Clothing,True,West,Traditional Ceremony,premium
img_0078,seed_data/images/01_traditional_clothing/image_078_1.jpg,Traditional Clothing,True,Littoral,Funeral,mid-range
img_0079,seed_data/images/01_traditional_clothing/image_079_1.jpg,Traditional Clothing,True,Southwest,Graduation,mid-range
img_0080,seed_data/images/01_traditional_clothing/image_080_1.jpg,Traditional Clothing,True,Centre,Cultural Festival,premium
img_0081,seed_data/images/01_traditional_clothing/image_081_1.jpg,Traditional Clothing,True,Northwest,Wedding,mid-range
img_0082,seed_data/images/01_traditional_clothing/image_082_1.jpg,Traditional Clothing,True,West,Traditional Ceremony,premium
img_0083,seed_data/images/01_traditional_clothing/image_083_1.jpg,Traditional Clothing,True,Littoral,Funeral,mid-range
img_0084,seed_data/images/01_traditional_clothing/image_084_1.jpg,Traditional Clothing,True,Southwest,Graduation,mid-range
img_0085,seed_data/images/01_traditional_clothing/image_085_1.jpg,Traditional Clothing,True,Centre,Cultural Festival,premium
img_0086,seed_data/images/01_traditional_clothing/image_086_1.jpg,Traditional Clothing,True,Northwest,Wedding,mid-range
img_0087,seed_data/images/01_traditional_clothing/image_087_1.jpg,Traditional Clothing,True,West,Traditional Ceremony,premium
img_0088,seed_data/images/01_traditional_clothing/image_088_1.jpg,Traditional Clothing,True,Littoral,Funeral,mid-range
img_0089,seed_data/images/01_traditional_clothing/image_089_1.jpg,Traditional Clothing,True,Southwest,Graduation,mid-range
img_0090,seed_data/images/01_traditional_clothing/image_090_1.jpg,Traditional Clothing,True,Centre,Cultural Festival,premium
img_0091,seed_data/images/01_traditional_clothing/image_091_1.jpg,Traditional Clothing,True,Northwest,Wedding,mid-range
img_0092,seed_data/images/01_traditional_clothing/image_092_1.jpg,Traditional Clothing,True,West,Traditional Ceremony,premium
img_0093,seed_data/images/01_traditional_clothing/image_093_1.jpg,Traditional Clothing,True,Littoral,Funeral,mid-range
img_0094,seed_data/images/01_traditional_clothing/image_094_1.jpg,Traditional Clothing,True,Southwest,Graduation,mid-range
img_0095,seed_data/images/01_traditional_clothing/image_095_1.jpg,Traditional Clothing,True,Centre,Cultural Festival,premium
img_0096,seed_data/images/01_traditional_clothing/image_096_1.jpg,Traditional Clothing,True,Northwest,Wedding,mid-range
img_0097,seed_data/images/01_traditional_clothing/image_097_1.jpg,Traditional Clothing,True,West,Traditional Ceremony,premium
img_0098,seed_data/images/01_traditional_clothing/image_098_1.jpg,Traditional Clothing,True,Littoral,Funeral,mid-range
img_0099,seed_data/images/01_traditional_clothing/image_099_1.jpg,Traditional Clothing,True,Southwest,Graduation,mid-range
img_0100,seed_data/images/01_traditional_clothing/image_100_1.jpg,Traditional Clothing,True,Centre,Cultural Festival,premium
img_0101,seed_data/images/01_traditional_clothing/image_101_1.jpg,Traditional Clothing,True,Northwest,Wedding,mid-range
img_0102,seed_data/images/01_traditional_clothing/image_102_1.jpg,Traditional Clothing,True,West,Traditional Ceremony,premium
img_0103,seed_data/images/01_traditional_clothing/image_103_1.jpg,Traditional Clothing,True,Littoral,Funeral,mid-range
img_0104,seed_data/images/01_traditional_clothing/image_104_1.jpg,Traditional Clothing,True,Southwest,Graduation,mid-range
img_0105,seed_data/images/01_traditional_clothing/image_105_1.jpg,Traditional Clothing,True,Centre,Cultural Festival,premium
img_0106,seed_data/images/01_traditional_clothing/image_106_1.jpg,Traditional Clothing,True,Northwest,Wedding,mid-range
img_0107,seed_data/images/01_traditional_clothing/image_107_1.jpg,Traditional Clothing,True,West,Traditional Ceremony,premium
img_0108,seed_data/images/01_traditional_clothing/image_108_1.jpg,Traditional Clothing,True,Littoral,Funeral,mid-range
img_0109,seed_data/images/01_traditional_clothing/image_109_1.jpg,Traditional Clothing,True,Southwest,Graduation,mid-range
img_0110,seed_data/images/01_traditional_clothing/image_110_1.jpg,Traditional Clothing,True,Centre,Cultural Festival,premium
img_0111,seed_data/images/01_traditional_clothing/image_111_1.jpg,Traditional Clothing,True,Northwest,Wedding,mid-range
img_0112,seed_data/images/01_traditional_clothing/image_112_1.jpg,Traditional Clothing,True,West,Traditional Ceremony,premium
img_0113,seed_data/images/01_traditional_clothing/image_113_1.jpg,Traditional Clothing,True,Littoral,Funeral,mid-range
img_0114,seed_data/images/01_traditional_clothing/image_114_1.jpg,Traditional Clothing,True,Southwest,Graduation,mid-range
img_0115,seed_data/images/01_traditional_clothing/image_115_1.jpg,Traditional Clothing,True,Centre,Cultural Festival,premium
img_0116,seed_data/images/01_traditional_clothing/image_116_1.jpg,Traditional Clothing,True,Northwest,Wedding,mid-range
img_0117,seed_data/images/01_traditional_clothing/image_117_1.jpg,Traditional Clothing,True,West,Traditional Ceremony,premium
img_0118,seed_data/images/01_traditional_clothing/image_118_1.jpg,Traditional Clothing,True,Littoral,Funeral,mid-range
img_0119,seed_data/images/01_traditional_clothing/image_119_1.jpg,Traditional Clothing,True,Southwest,Graduation,mid-range
img_0120,seed_data/images/01_traditional_clothing/image_120_1.jpg,Traditional Clothing,True,Centre,Cultural Festival,premium
img_0121,seed_data/images/01_traditional_clothing/image_121_1.jpg,Traditional Clothing,True,Northwest,Wedding,mid-range
img_0122,seed_data/images/01_traditional_clothing/image_122_1.jpg,Traditional Clothing,True,West,Traditional Ceremony,premium
img_0123,seed_data/images/01_traditional_clothing/image_123_1.jpg,Traditional Clothing,True,Littoral,Funeral,mid-range
img_0124,seed_data/images/01_traditional_clothing/image_124_1.jpg,Traditional Clothing,True,Southwest,Graduation,mid-range
img_0125,seed_data/images/01_traditional_clothing/image_125_1.jpg,Traditional Clothing,True,Centre,Cultural Festival,premium
img_0126,seed_data/images/01_traditional_clothing/image_126_1.jpg,Traditional Clothing,True,Northwest,Wedding,mid-range
img_0127,seed_data/images/01_traditional_clothing/image_127_1.jpg,Traditional Clothing,True,West,Traditional Ceremony,premium
img_0128,seed_data/images/01_traditional_clothing/image_128_1.jpg,Traditional Clothing,True,Littoral,Funeral,mid-range
img_0129,seed_data/images/01_traditional_clothing/image_129_1.jpg,Traditional Clothing,True,Southwest,Graduation,mid-range
img_0130,seed_data/images/01_traditional_clothing/image_130_1.jpg,Traditional Clothing,True,Centre,Cultural Festival,premium
img_0131,seed_data/images/01_traditional_clothing/image_131_1.jpg,Traditional Clothing,True,Northwest,Wedding,mid-range
img_0132,seed_data/images/01_traditional_clothing/image_132_1.jpg,Traditional Clothing,True,West,Traditional Ceremony,premium
img_0133,seed_data/images/01_traditional_clothing/image_133_1.jpg,Traditional Clothing,True,Littoral,Funeral,mid-range
img_0134,seed_data/images/01_traditional_clothing/image_134_1.jpg,Traditional Clothing,True,Southwest,Graduation,mid-range
img_0135,seed_data/images/01_traditional_clothing/image_135_1.jpg,Traditional Clothing,True,Centre,Cultural Festival,premium
img_0136,seed_data/images/01_traditional_clothing/image_136_1.jpg,Traditional Clothing,True,Northwest,Wedding,mid-range
img_0137,seed_data/images/01_traditional_clothing/image_137_1.jpg,Traditional Clothing,True,West,Traditional Ceremony,premium
img_0138,seed_data/images/01_traditional_clothing/image_138_1.jpg,Traditional Clothing,True,Littoral,Funeral,mid-range
img_0139,seed_data/images/01_traditional_clothing/image_139_1.jpg,Traditional Clothing,True,Southwest,Graduation,mid-range
img_0140,seed_data/images/01_traditional_clothing/image_140_1.jpg,Traditional Clothing,True,Centre,Cultural Festival,premium
img_0141,seed_data/images/01_traditional_clothing/image_141_1.jpg,Traditional Clothing,True,Northwest,Wedding,mid-range
img_0142,seed_data/images/01_traditional_clothing/image_142_1.jpg,Traditional Clothing,True,West,Traditional Ceremony,premium
img_0143,seed_data/images/01_traditional_clothing/image_143_1.jpg,Traditional Clothing,True,Littoral,Funeral,mid-range
img_0144,seed_data/images/01_traditional_clothing/image_144_1.jpg,Traditional Clothing,True,Southwest,Graduation,mid-range
img_0145,seed_data/images/01_traditional_clothing/image_145_1.jpg,Traditional Clothing,True,Centre,Cultural Festival,premium
img_0146,seed_data/images/01_traditional_clothing/image_146_1.jpg,Traditional Clothing,True,Northwest,Wedding,mid-range
img_0147,seed_data/images/01_traditional_clothing/image_147_1.jpg,Traditional Clothing,True,West,Traditional Ceremony,premium
img_0148,seed_data/images/01_traditional_clothing/image_148_1.jpg,Traditional Clothing,True,Littoral,Funeral,mid-range
img_0149,seed_data/images/01_traditional_clothing/image_149_1.jpg,Traditional Clothing,True,Southwest,Graduation,mid-range
img_0150,seed_data/images/01_traditional_clothing/image_150_1.jpg,Traditional Clothing,True,Centre,Cultural Festival,premium
img_0151,seed_data/images/01_traditional_clothing/image_151_1.jpg,Traditional Clothing,True,Northwest,Wedding,mid-range
img_0152,seed_data/images/01_traditional_clothing/image_152_1.jpg,Traditional Clothing,True,West,Traditional Ceremony,premium
img_0153,seed_data/images/01_traditional_clothing/image_153_1.jpg,Traditional Clothing,True,Littoral,Funeral,mid-range
img_0154,seed_data/images/01_traditional_clothing/image_154_1.jpg,Traditional Clothing,True,Southwest,Graduation,mid-range
img_0155,seed_data/images/01_traditional_clothing/image_155_1.jpg,Traditional Clothing,True,Centre,Cultural Festival,premium
img_0156,seed_data/images/01_traditional_clothing/image_156_1.jpg,Traditional Clothing,True,Northwest,Wedding,mid-range
img_0157,seed_data/images/01_traditional_clothing/image_157_1.jpg,Traditional Clothing,True,West,Traditional Ceremony,premium
img_0158,seed_data/images/01_traditional_clothing/image_158_1.jpg,Traditional Clothing,True,Littoral,Funeral,mid-range
img_0159,seed_data/images/01_traditional_clothing/image_159.jpg,Traditional Clothing,True,Southwest,Graduation,mid-range
img_0160,seed_data/images/01_traditional_clothing/image_160.jpg,Traditional Clothing,True,Centre,Cultural Festival,premium
img_0161,seed_data/images/01_traditional_clothing/image_161.jpg,Traditional Clothing,True,Northwest,Wedding,mid-range
img_0162,seed_data/images/01_traditional_clothing/image_162.jpg,Traditional Clothing,True,West,Traditional Ceremony,premium
img_0163,seed_data/images/01_traditional_clothing/image_163.jpg,Traditional Clothing,True,Littoral,Funeral,mid-range
img_0164,seed_data/images/01_traditional_clothing/image_164.jpg,Traditional Clothing,True,Southwest,Graduation,mid-range
img_0165,seed_data/images/01_traditional_clothing/image_165.jpg,Traditional Clothing,True,Centre,Cultural Festival,premium
img_0166,seed_data/images/01_traditional_clothing/image_166.jpg,Traditional Clothing,True,Northwest,Wedding,mid-range
img_0167,seed_data/images/01_traditional_clothing/image_167.jpg,Traditional Clothing,True,West,Traditional Ceremony,premium
img_0168,seed_data/images/01_traditional_clothing/image_168.jpg,Traditional Clothing,True,Littoral,Funeral,mid-range
img_0169,seed_data/images/01_traditional_clothing/image_169.jpg,Traditional Clothing,True,Southwest,Graduation,mid-range
img_0170,seed_data/images/01_traditional_clothing/image_170.jpg,Traditional Clothing,True,Centre,Cultural Festival,premium
img_0171,seed_data/images/01_traditional_clothing/image_171.jpg,Traditional Clothing,True,Northwest,Wedding,mid-range
img_0172,seed_data/images/01_traditional_clothing/image_172.jpg,Traditional Clothing,True,West,Traditional Ceremony,premium
img_0173,seed_data/images/01_traditional_clothing/image_173.jpg,Traditional Clothing,True,Littoral,Funeral,mid-range
img_0174,seed_data/images/01_traditional_clothing/image_174.jpg,Traditional Clothing,True,Southwest,Graduation,mid-range
img_0175,seed_data/images/01_traditional_clothing/image_175.jpg,Traditional Clothing,True,Centre,Cultural Festival,premium
img_0176,seed_data/images/01_traditional_clothing/image_176.jpg,Traditional Clothing,True,Northwest,Wedding,mid-range
img_0177,seed_data/images/01_traditional_clothing/image_177.jpg,Traditional Clothing,True,West,Traditional Ceremony,premium
img_0178,seed_data/images/01_traditional_clothing/image_178.jpg,Traditional Clothing,True,Littoral,Funeral,mid-range
img_0179,seed_data/images/01_traditional_clothing/image_179.jpg,Traditional Clothing,True,Southwest,Graduation,mid-range
img_0180,seed_data/images/01_traditional_clothing/image_180.jpg,Traditional Clothing,True,Centre,Cultural Festival,premium
img_0181,seed_data/images/01_traditional_clothing/image_181.jpg,Traditional Clothing,True,Northwest,Wedding,mid-range
img_0182,seed_data/images/01_traditional_clothing/image_182.jpg,Traditional Clothing,True,West,Traditional Ceremony,premium
img_0183,seed_data/images/01_traditional_clothing/image_183.jpg,Traditional Clothing,True,Littoral,Funeral,mid-range
img_0184,seed_data/images/01_traditional_clothing/image_184.jpg,Traditional Clothing,True,Southwest,Graduation,mid-range
img_0185,seed_data/images/01_traditional_clothing/image_185.jpg,Traditional Clothing,True,Centre,Cultural Festival,premium
img_0186,seed_data/images/01_traditional_clothing/image_186.jpg,Traditional Clothing,True,Northwest,Wedding,mid-range
img_0187,seed_data/images/01_traditional_clothing/image_187.jpg,Traditional Clothing,True,West,Traditional Ceremony,premium
img_0188,seed_data/images/01_traditional_clothing/image_188.jpg,Traditional Clothing,True,Littoral,Funeral,mid-range
img_0189,seed_data/images/01_traditional_clothing/image_189.jpg,Traditional Clothing,True,Southwest,Graduation,mid-range
img_0190,seed_data/images/01_traditional_clothing/image_190.jpg,Traditional Clothing,True,Centre,Cultural Festival,premium
img_0191,seed_data/images/01_traditional_clothing/image_191.jpg,Traditional Clothing,True,Northwest,Wedding,mid-range
img_0192,seed_data/images/01_traditional_clothing/image_192.jpg,Traditional Clothing,True,West,Traditional Ceremony,premium
img_0193,seed_data/images/01_traditional_clothing/image_193.jpg,Traditional Clothing,True,Littoral,Funeral,mid-range
img_0194,seed_data/images/01_traditional_clothing/image_194.jpg,Traditional Clothing,True,Southwest,Graduation,mid-range
img_0195,seed_data/images/01_traditional_clothing/image_195.jpg,Traditional Clothing,True,Centre,Cultural Festival,premium
img_0196,seed_data/images/01_traditional_clothing/image_196.jpg,Traditional Clothing,True,Northwest,Wedding,mid-range
img_0197,seed_data/images/01_traditional_clothing/image_197.jpg,Traditional Clothing,True,West,Traditional Ceremony,premium
img_0198,seed_data/images/01_traditional_clothing/image_198.jpg,Traditional Clothing,True,Littoral,Funeral,mid-range
img_0199,seed_data/images/01_traditional_clothing/image_199.jpg,Traditional Clothing,True,Southwest,Graduation,mid-range
img_0200,seed_data/images/01_traditional_clothing/image_200.jpg,Traditional Clothing,True,Centre,Cultural Festival,premium
img_0201,seed_data/images/01_traditional_clothing/image_201.jpg,Traditional Clothing,True,Northwest,Wedding,mid-range
img_0202,seed_data/images/01_traditional_clothing/image_202.jpg,Traditional Clothing,True,West,Traditional Ceremony,premium
img_0203,seed_data/images/01_traditional_clothing/image_203.jpg,Traditional Clothing,True,Littoral,Funeral,mid-range
img_0204,seed_data/images/01_traditional_clothing/image_204.jpg,Traditional Clothing,True,Southwest,Graduation,mid-range
img_0205,seed_data/images/01_traditional_clothing/image_205.jpg,Traditional Clothing,True,Centre,Cultural Festival,premium
img_0206,seed_data/images/01_traditional_clothing/image_206.jpg,Traditional Clothing,True,Northwest,Wedding,mid-range
img_0207,seed_data/images/01_traditional_clothing/image_207.jpg,Traditional Clothing,True,West,Traditional Ceremony,premium
img_0208,seed_data/images/01_traditional_clothing/image_208.jpg,Traditional Clothing,True,Littoral,Funeral,mid-range
img_0209,seed_data/images/01_traditional_clothing/image_209.jpg,Traditional Clothing,True,Southwest,Graduation,mid-range
img_0210,seed_data/images/01_traditional_clothing/image_210.jpg,Traditional Clothing,True,Centre,Cultural Festival,premium
img_0211,seed_data/images/01_traditional_clothing/image_211.jpg,Traditional Clothing,True,Northwest,Wedding,mid-range
img_0212,seed_data/images/01_traditional_clothing/image_212.jpg,Traditional Clothing,True,West,Traditional Ceremony,premium
img_0213,seed_data/images/01_traditional_clothing/image_213.jpg,Traditional Clothing,True,Littoral,Funeral,mid-range
img_0214,seed_data/images/01_traditional_clothing/image_214.jpg,Traditional Clothing,True,Southwest,Graduation,mid-range
img_0215,seed_data/images/01_traditional_clothing/image_215.jpg,Traditional Clothing,True,Centre,Cultural Festival,premium
img_0216,seed_data/images/01_traditional_clothing/image_216.jpg,Traditional Clothing,True,Northwest,Wedding,mid-range
img_0217,seed_data/images/01_traditional_clothing/image_217.jpg,Traditional Clothing,True,West,Traditional Ceremony,premium
img_0218,seed_data/images/01_traditional_clothing/image_218.jpg,Traditional Clothing,True,Littoral,Funeral,mid-range
img_0219,seed_data/images/01_traditional_clothing/image_219.jpg,Traditional Clothing,True,Southwest,Graduation,mid-range
img_0220,seed_data/images/01_traditional_clothing/image_220.jpg,Traditional Clothing,True,Centre,Cultural Festival,premium
img_0221,seed_data/images/01_traditional_clothing/image_221.jpg,Traditional Clothing,True,Northwest,Wedding,mid-range
img_0222,seed_data/images/01_traditional_clothing/image_222.jpg,Traditional Clothing,True,West,Traditional Ceremony,premium
img_0223,seed_data/images/01_traditional_clothing/image_223.jpg,Traditional Clothing,True,Littoral,Funeral,mid-range
img_0224,seed_data/images/01_traditional_clothing/image_224.jpg,Traditional Clothing,True,Southwest,Graduation,mid-range
img_0225,seed_data/images/01_traditional_clothing/image_225.jpg,Traditional Clothing,True,Centre,Cultural Festival,premium
img_0226,seed_data/images/01_traditional_clothing/image_226.jpg,Traditional Clothing,True,Northwest,Wedding,mid-range
img_0227,seed_data/images/01_traditional_clothing/image_227.jpg,Traditional Clothing,True,West,Traditional Ceremony,premium
img_0228,seed_data/images/01_traditional_clothing/image_228.jpg,Traditional Clothing,True,Littoral,Funeral,mid-range
img_0229,seed_data/images/01_traditional_clothing/image_229.jpg,Traditional Clothing,True,Southwest,Graduation,mid-range
img_0230,seed_data/images/01_traditional_clothing/image_230.jpg,Traditional Clothing,True,Centre,Cultural Festival,premium
img_0231,seed_data/images/01_traditional_clothing/image_231.jpg,Traditional Clothing,True,Northwest,Wedding,mid-range
img_0232,seed_data/images/01_traditional_clothing/image_232.jpg,Traditional Clothing,True,West,Traditional Ceremony,premium
img_0233,seed_data/images/01_traditional_clothing/image_233.jpg,Traditional Clothing,True,Littoral,Funeral,mid-range
img_0234,seed_data/images/01_traditional_clothing/image_234.jpg,Traditional Clothing,True,Southwest,Graduation,mid-range
img_0235,seed_data/images/01_traditional_clothing/image_235.jpg,Traditional Clothing,True,Centre,Cultural Festival,premium
img_0236,seed_data/images/01_traditional_clothing/image_236.jpg,Traditional Clothing,True,Northwest,Wedding,mid-range
img_0237,seed_data/images/01_traditional_clothing/image_237.jpg,Traditional Clothing,True,West,Traditional Ceremony,premium
img_0238,seed_data/images/01_traditional_clothing/image_238.jpg,Traditional Clothing,True,Littoral,Funeral,mid-range
img_0239,seed_data/images/01_traditional_clothing/image_239.jpg,Traditional Clothing,True,Southwest,Graduation,mid-range
img_0240,seed_data/images/01_traditional_clothing/image_240.jpg,Traditional Clothing,True,Centre,Cultural Festival,premium
img_0241,seed_data/images/01_traditional_clothing/image_241.jpg,Traditional Clothing,True,Northwest,Wedding,mid-range
img_0242,seed_data/images/01_traditional_clothing/image_242.jpg,Traditional Clothing,True,West,Traditional Ceremony,premium
img_0243,seed_data/images/01_traditional_clothing/image_243.jpg,Traditional Clothing,True,Littoral,Funeral,mid-range
img_0244,seed_data/images/01_traditional_clothing/image_244.jpg,Traditional Clothing,True,Southwest,Graduation,mid-range
img_0245,seed_data/images/01_traditional_clothing/image_245.jpg,Traditional Clothing,True,Centre,Cultural Festival,premium
img_0246,seed_data/images/01_traditional_clothing/image_246.jpg,Traditional Clothing,True,Northwest,Wedding,mid-range
img_0247,seed_data/images/01_traditional_clothing/image_247.jpg,Traditional Clothing,True,West,Traditional Ceremony,premium
img_0248,seed_data/images/01_traditional_clothing/image_248.jpg,Traditional Clothing,True,Littoral,Funeral,mid-range
img_0249,seed_data/images/01_traditional_clothing/image_249.jpg,Traditional Clothing,True,Southwest,Graduation,mid-range
img_0250,seed_data/images/01_traditional_clothing/image_250.jpg,Traditional Clothing,True,Centre,Cultural Festival,premium
img_0251,seed_data/images/01_traditional_clothing/image_251.jpg,Traditional Clothing,True,Northwest,Wedding,mid-range
img_0252,seed_data/images/01_traditional_clothing/image_252.jpg,Traditional Clothing,True,West,Traditional Ceremony,premium
img_0253,seed_data/images/01_traditional_clothing/image_253.jpg,Traditional Clothing,True,Littoral,Funeral,mid-range
img_0254,seed_data/images/01_traditional_clothing/image_254.jpg,Traditional Clothing,True,Southwest,Graduation,mid-range
img_0255,seed_data/images/01_traditional_clothing/image_255.jpg,Traditional Clothing,True,Centre,Cultural Festival,premium
img_0256,seed_data/images/01_traditional_clothing/image_256.jpg,Traditional Clothing,True,Northwest,Wedding,mid-range
img_0257,seed_data/images/01_traditional_clothing/image_257.jpg,Traditional Clothing,True,West,Traditional Ceremony,premium
img_0258,seed_data/images/01_traditional_clothing/image_258.jpg,Traditional Clothing,True,Littoral,Funeral,mid-range
img_0259,seed_data/images/01_traditional_clothing/image_259.jpg,Traditional Clothing,True,Southwest,Graduation,mid-range
img_0260,seed_data/images/01_traditional_clothing/image_260.jpg,Traditional Clothing,True,Centre,Cultural Festival,premium
img_0261,seed_data/images/01_traditional_clothing/image_261.jpg,Traditional Clothing,True,Northwest,Wedding,mid-range
img_0262,seed_data/images/01_traditional_clothing/image_262.jpg,Traditional Clothing,True,West,Traditional Ceremony,premium
img_0263,seed_data/images/01_traditional_clothing/image_263.jpg,Traditional Clothing,True,Littoral,Funeral,mid-range
img_0264,seed_data/images/01_traditional_clothing/image_264.jpg,Traditional Clothing,True,Southwest,Graduation,mid-range
img_0265,seed_data/images/01_traditional_clothing/image_265.jpg,Traditional Clothing,True,Centre,Cultural Festival,premium
img_0266,seed_data/images/01_traditional_clothing/image_266.jpg,Traditional Clothing,True,Northwest,Wedding,mid-range
img_0267,seed_data/images/01_traditional_clothing/image_267.jpg,Traditional Clothing,True,West,Traditional Ceremony,premium
img_0268,seed_data/images/01_traditional_clothing/image_268.jpg,Traditional Clothing,True,Littoral,Funeral,mid-range
img_0269,seed_data/images/01_traditional_clothing/image_269.jpg,Traditional Clothing,True,Southwest,Graduation,mid-range
img_0270,seed_data/images/01_traditional_clothing/image_270.jpg,Traditional Clothing,True,Centre,Cultural Festival,premium
img_0271,seed_data/images/01_traditional_clothing/image_271.jpg,Traditional Clothing,True,Northwest,Wedding,mid-range
img_0272,seed_data/images/01_traditional_clothing/image_272.jpg,Traditional Clothing,True,West,Traditional Ceremony,premium
img_0273,seed_data/images/01_traditional_clothing/image_273.jpg,Traditional Clothing,True,Littoral,Funeral,mid-range
img_0274,seed_data/images/01_traditional_clothing/image_274.jpg,Traditional Clothing,True,Southwest,Graduation,mid-range
img_0275,seed_data/images/01_traditional_clothing/image_275.jpg,Traditional Clothing,True,Centre,Cultural Festival,premium
img_0276,seed_data/images/01_traditional_clothing/image_276.jpg,Traditional Clothing,True,Northwest,Wedding,mid-range
img_0277,seed_data/images/01_traditional_clothing/image_277.jpg,Traditional Clothing,True,West,Traditional Ceremony,premium
img_0278,seed_data/images/01_traditional_clothing/image_278.jpg,Traditional Clothing,True,Littoral,Funeral,mid-range
img_0279,seed_data/images/01_traditional_clothing/image_279.jpg,Traditional Clothing,True,Southwest,Graduation,mid-range
img_0280,seed_data/images/01_traditional_clothing/image_280.jpg,Traditional Clothing,True,Centre,Cultural Festival,premium
img_0281,seed_data/images/01_traditional_clothing/image_281.jpg,Traditional Clothing,True,Northwest,Wedding,mid-range
img_0282,seed_data/images/01_traditional_clothing/image_282.jpg,Traditional Clothing,True,West,Traditional Ceremony,premium
img_0283,seed_data/images/01_traditional_clothing/image_283.jpg,Traditional Clothing,True,Littoral,Funeral,mid-range
img_0284,seed_data/images/01_traditional_clothing/image_284.jpg,Traditional Clothing,True,Southwest,Graduation,mid-range
img_0285,seed_data/images/01_traditional_clothing/image_285.jpg,Traditional Clothing,True,Centre,Cultural Festival,premium
img_0286,seed_data/images/01_traditional_clothing/image_286.jpg,Traditional Clothing,True,Northwest,Wedding,mid-range
img_0287,seed_data/images/01_traditional_clothing/image_287.jpg,Traditional Clothing,True,West,Traditional Ceremony,premium
img_0288,seed_data/images/01_traditional_clothing/image_288.jpg,Traditional Clothing,True,Littoral,Funeral,mid-range
img_0289,seed_data/images/01_traditional_clothing/image_289.jpg,Traditional Clothing,True,Southwest,Graduation,mid-range
img_0290,seed_data/images/01_traditional_clothing/image_290.jpg,Traditional Clothing,True,Centre,Cultural Festival,premium
img_0291,seed_data/images/01_traditional_clothing/image_291.jpg,Traditional Clothing,True,Northwest,Wedding,mid-range
img_0292,seed_data/images/01_traditional_clothing/image_292.jpg,Traditional Clothing,True,West,Traditional Ceremony,premium
img_0293,seed_data/images/01_traditional_clothing/image_293.jpg,Traditional Clothing,True,Littoral,Funeral,mid-range
img_0294,seed_data/images/01_traditional_clothing/image_294.jpg,Traditional Clothing,True,Southwest,Graduation,mid-range
img_0295,seed_data/images/01_traditional_clothing/image_295.jpg,Traditional Clothing,True,Centre,Cultural Festival,premium
img_0296,seed_data/images/01_traditional_clothing/image_296.jpg,Traditional Clothing,True,Northwest,Wedding,mid-range
img_0297,seed_data/images/01_traditional_clothing/image_297.jpg,Traditional Clothing,True,West,Traditional Ceremony,premium
img_0298,seed_data/images/01_traditional_clothing/image_298.jpg,Traditional Clothing,True,Littoral,Funeral,mid-range
img_0299,seed_data/images/01_traditional_clothing/image_299.jpg,Traditional Clothing,True,Southwest,Graduation,mid-range
img_0300,seed_data/images/01_traditional_clothing/image_300.jpg,Traditional Clothing,True,Centre,Cultural Festival,premium
img_0301,seed_data/images/01_traditional_clothing/image_301.jpg,Traditional Clothing,True,Northwest,Wedding,mid-range
img_0302,seed_data/images/01_traditional_clothing/image_302.jpg,Traditional Clothing,True,West,Traditional Ceremony,premium
img_0303,seed_data/images/01_traditional_clothing/image_303.jpg,Traditional Clothing,True,Littoral,Funeral,mid-range
img_0304,seed_data/images/01_traditional_clothing/image_304.jpg,Traditional Clothing,True,Southwest,Graduation,mid-range
img_0305,seed_data/images/01_traditional_clothing/image_305.jpg,Traditional Clothing,True,Centre,Cultural Festival,premium
img_0306,seed_data/images/01_traditional_clothing/image_306.jpg,Traditional Clothing,True,Northwest,Wedding,mid-range
img_0307,seed_data/images/01_traditional_clothing/image_307.jpg,Traditional Clothing,True,West,Traditional Ceremony,premium
img_0308,seed_data/images/01_traditional_clothing/image_308.jpg,Traditional Clothing,True,Littoral,Funeral,mid-range
img_0309,seed_data/images/01_traditional_clothing/image_309.jpg,Traditional Clothing,True,Southwest,Graduation,mid-range
img_0310,seed_data/images/01_traditional_clothing/image_310.jpg,Traditional Clothing,True,Centre,Cultural Festival,premium
img_0311,seed_data/images/01_traditional_clothing/image_311.jpg,Traditional Clothing,True,Northwest,Wedding,mid-range
img_0312,seed_data/images/01_traditional_clothing/image_312.jpg,Traditional Clothing,True,West,Traditional Ceremony,premium
img_0313,seed_data/images/01_traditional_clothing/image_313.jpg,Traditional Clothing,True,Littoral,Funeral,mid-range
img_0314,seed_data/images/01_traditional_clothing/image_314.jpg,Traditional Clothing,True,Southwest,Graduation,mid-range
img_0315,seed_data/images/01_traditional_clothing/image_315.jpg,Traditional Clothing,True,Centre,Cultural Festival,premium
img_0316,seed_data/images/01_traditional_clothing/image_316.jpg,Traditional Clothing,True,Northwest,Wedding,mid-range
img_0317,seed_data/images/02_modern_clothing/image_001_1.jpg,Modern Clothing,False,Centre,Office,budget
img_0318,seed_data/images/02_modern_clothing/image_002_1.jpg,Modern Clothing,False,Littoral,Casual,mid-range
img_0319,seed_data/images/02_modern_clothing/image_003_1.jpg,Modern Clothing,False,West,Date Night,mid-range
img_0320,seed_data/images/02_modern_clothing/image_004_1.jpg,Modern Clothing,False,Adamawa,Church,budget
img_0321,seed_data/images/02_modern_clothing/image_005_1.jpg,Modern Clothing,False,South,Graduation,premium
img_0322,seed_data/images/02_modern_clothing/image_006_1.jpg,Modern Clothing,False,Centre,Office,budget
img_0323,seed_data/images/02_modern_clothing/image_007_1.jpg,Modern Clothing,False,Littoral,Casual,mid-range
img_0324,seed_data/images/02_modern_clothing/image_008_1.jpg,Modern Clothing,False,West,Date Night,mid-range
img_0325,seed_data/images/02_modern_clothing/image_009_1.jpg,Modern Clothing,False,Adamawa,Church,budget
img_0326,seed_data/images/02_modern_clothing/image_010_1.jpg,Modern Clothing,False,South,Graduation,premium
img_0327,seed_data/images/02_modern_clothing/image_011_1.jpg,Modern Clothing,False,Centre,Office,budget
img_0328,seed_data/images/02_modern_clothing/image_012_1.jpg,Modern Clothing,False,Littoral,Casual,mid-range
img_0329,seed_data/images/02_modern_clothing/image_013_1.jpg,Modern Clothing,False,West,Date Night,mid-range
img_0330,seed_data/images/02_modern_clothing/image_014_1.jpg,Modern Clothing,False,Adamawa,Church,budget
img_0331,seed_data/images/02_modern_clothing/image_015_1.jpg,Modern Clothing,False,South,Graduation,premium
img_0332,seed_data/images/02_modern_clothing/image_016_1.jpg,Modern Clothing,False,Centre,Office,budget
img_0333,seed_data/images/02_modern_clothing/image_017_1.jpg,Modern Clothing,False,Littoral,Casual,mid-range
img_0334,seed_data/images/02_modern_clothing/image_018_1.jpg,Modern Clothing,False,West,Date Night,mid-range
img_0335,seed_data/images/02_modern_clothing/image_019_1.jpg,Modern Clothing,False,Adamawa,Church,budget
img_0336,seed_data/images/02_modern_clothing/image_020_1.jpg,Modern Clothing,False,South,Graduation,premium
img_0337,seed_data/images/02_modern_clothing/image_021_1.jpg,Modern Clothing,False,Centre,Office,budget
img_0338,seed_data/images/02_modern_clothing/image_022_1.jpg,Modern Clothing,False,Littoral,Casual,mid-range
img_0339,seed_data/images/02_modern_clothing/image_023_1.jpg,Modern Clothing,False,West,Date Night,mid-range
img_0340,seed_data/images/02_modern_clothing/image_024_1.jpg,Modern Clothing,False,Adamawa,Church,budget
img_0341,seed_data/images/02_modern_clothing/image_025_1.jpg,Modern Clothing,False,South,Graduation,premium
img_0342,seed_data/images/02_modern_clothing/image_026_1.jpg,Modern Clothing,False,Centre,Office,budget
img_0343,seed_data/images/02_modern_clothing/image_027_1.jpg,Modern Clothing,False,Littoral,Casual,mid-range
img_0344,seed_data/images/02_modern_clothing/image_028_1.jpg,Modern Clothing,False,West,Date Night,mid-range
img_0345,seed_data/images/02_modern_clothing/image_029_1.jpg,Modern Clothing,False,Adamawa,Church,budget
img_0346,seed_data/images/02_modern_clothing/image_030_1.jpg,Modern Clothing,False,South,Graduation,premium
img_0347,seed_data/images/02_modern_clothing/image_031_1.jpg,Modern Clothing,False,Centre,Office,budget
img_0348,seed_data/images/02_modern_clothing/image_032_1.jpg,Modern Clothing,False,Littoral,Casual,mid-range
img_0349,seed_data/images/02_modern_clothing/image_033_1.jpg,Modern Clothing,False,West,Date Night,mid-range
img_0350,seed_data/images/02_modern_clothing/image_034_1.jpg,Modern Clothing,False,Adamawa,Church,budget
img_0351,seed_data/images/02_modern_clothing/image_035_1.jpg,Modern Clothing,False,South,Graduation,premium
img_0352,seed_data/images/02_modern_clothing/image_036_1.jpg,Modern Clothing,False,Centre,Office,budget
img_0353,seed_data/images/02_modern_clothing/image_037_1.jpg,Modern Clothing,False,Littoral,Casual,mid-range
img_0354,seed_data/images/02_modern_clothing/image_038_1.jpg,Modern Clothing,False,West,Date Night,mid-range
img_0355,seed_data/images/02_modern_clothing/image_039_1.jpg,Modern Clothing,False,Adamawa,Church,budget
img_0356,seed_data/images/02_modern_clothing/image_040_1.jpg,Modern Clothing,False,South,Graduation,premium
img_0357,seed_data/images/02_modern_clothing/image_041_1.jpg,Modern Clothing,False,Centre,Office,budget
img_0358,seed_data/images/02_modern_clothing/image_042_1.jpg,Modern Clothing,False,Littoral,Casual,mid-range
img_0359,seed_data/images/02_modern_clothing/image_043_1.jpg,Modern Clothing,False,West,Date Night,mid-range
img_0360,seed_data/images/02_modern_clothing/image_044_1.jpg,Modern Clothing,False,Adamawa,Church,budget
img_0361,seed_data/images/02_modern_clothing/image_045_1.jpg,Modern Clothing,False,South,Graduation,premium
img_0362,seed_data/images/02_modern_clothing/image_046_1.jpg,Modern Clothing,False,Centre,Office,budget
img_0363,seed_data/images/02_modern_clothing/image_047_1.jpg,Modern Clothing,False,Littoral,Casual,mid-range
img_0364,seed_data/images/02_modern_clothing/image_048_1.jpg,Modern Clothing,False,West,Date Night,mid-range
img_0365,seed_data/images/02_modern_clothing/image_049_1.jpg,Modern Clothing,False,Adamawa,Church,budget
img_0366,seed_data/images/02_modern_clothing/image_050_1.jpg,Modern Clothing,False,South,Graduation,premium
img_0367,seed_data/images/02_modern_clothing/image_051_1.jpg,Modern Clothing,False,Centre,Office,budget
img_0368,seed_data/images/02_modern_clothing/image_052_1.jpg,Modern Clothing,False,Littoral,Casual,mid-range
img_0369,seed_data/images/02_modern_clothing/image_053_1.jpg,Modern Clothing,False,West,Date Night,mid-range
img_0370,seed_data/images/02_modern_clothing/image_054_1.jpg,Modern Clothing,False,Adamawa,Church,budget
img_0371,seed_data/images/02_modern_clothing/image_055_1.jpg,Modern Clothing,False,South,Graduation,premium
img_0372,seed_data/images/02_modern_clothing/image_056_1.jpg,Modern Clothing,False,Centre,Office,budget
img_0373,seed_data/images/02_modern_clothing/image_057_1.jpg,Modern Clothing,False,Littoral,Casual,mid-range
img_0374,seed_data/images/02_modern_clothing/image_058_1.jpg,Modern Clothing,False,West,Date Night,mid-range
img_0375,seed_data/images/02_modern_clothing/image_059_1.jpg,Modern Clothing,False,Adamawa,Church,budget
img_0376,seed_data/images/02_modern_clothing/image_060_1.jpg,Modern Clothing,False,South,Graduation,premium
img_0377,seed_data/images/02_modern_clothing/image_061_1.jpg,Modern Clothing,False,Centre,Office,budget
img_0378,seed_data/images/02_modern_clothing/image_062_1.jpg,Modern Clothing,False,Littoral,Casual,mid-range
img_0379,seed_data/images/02_modern_clothing/image_063_1.jpg,Modern Clothing,False,West,Date Night,mid-range
img_0380,seed_data/images/02_modern_clothing/image_064_1.jpg,Modern Clothing,False,Adamawa,Church,budget
img_0381,seed_data/images/02_modern_clothing/image_065_1.jpg,Modern Clothing,False,South,Graduation,premium
img_0382,seed_data/images/02_modern_clothing/image_066_1.jpg,Modern Clothing,False,Centre,Office,budget
img_0383,seed_data/images/02_modern_clothing/image_067_1.jpg,Modern Clothing,False,Littoral,Casual,mid-range
img_0384,seed_data/images/02_modern_clothing/image_068_1.jpg,Modern Clothing,False,West,Date Night,mid-range
img_0385,seed_data/images/02_modern_clothing/image_069_1.jpg,Modern Clothing,False,Adamawa,Church,budget
img_0386,seed_data/images/02_modern_clothing/image_070_1.jpg,Modern Clothing,False,South,Graduation,premium
img_0387,seed_data/images/02_modern_clothing/image_071_1.jpg,Modern Clothing,False,Centre,Office,budget
img_0388,seed_data/images/02_modern_clothing/image_072_1.jpg,Modern Clothing,False,Littoral,Casual,mid-range
img_0389,seed_data/images/02_modern_clothing/image_073_1.jpg,Modern Clothing,False,West,Date Night,mid-range
img_0390,seed_data/images/02_modern_clothing/image_074_1.jpg,Modern Clothing,False,Adamawa,Church,budget
img_0391,seed_data/images/02_modern_clothing/image_075_1.jpg,Modern Clothing,False,South,Graduation,premium
img_0392,seed_data/images/02_modern_clothing/image_076_1.jpg,Modern Clothing,False,Centre,Office,budget
img_0393,seed_data/images/02_modern_clothing/image_077_1.jpg,Modern Clothing,False,Littoral,Casual,mid-range
img_0394,seed_data/images/02_modern_clothing/image_078_1.jpg,Modern Clothing,False,West,Date Night,mid-range
img_0395,seed_data/images/02_modern_clothing/image_079_1.jpg,Modern Clothing,False,Adamawa,Church,budget
img_0396,seed_data/images/02_modern_clothing/image_080_1.jpg,Modern Clothing,False,South,Graduation,premium
img_0397,seed_data/images/02_modern_clothing/image_081_1.jpg,Modern Clothing,False,Centre,Office,budget
img_0398,seed_data/images/02_modern_clothing/image_082_1.jpg,Modern Clothing,False,Littoral,Casual,mid-range
img_0399,seed_data/images/02_modern_clothing/image_083_1.jpg,Modern Clothing,False,West,Date Night,mid-range
img_0400,seed_data/images/02_modern_clothing/image_084_1.jpg,Modern Clothing,False,Adamawa,Church,budget
img_0401,seed_data/images/02_modern_clothing/image_085_1.jpg,Modern Clothing,False,South,Graduation,premium
img_0402,seed_data/images/02_modern_clothing/image_086_1.jpg,Modern Clothing,False,Centre,Office,budget
img_0403,seed_data/images/02_modern_clothing/image_087_1.jpg,Modern Clothing,False,Littoral,Casual,mid-range
img_0404,seed_data/images/02_modern_clothing/image_088_1.jpg,Modern Clothing,False,West,Date Night,mid-range
img_0405,seed_data/images/02_modern_clothing/image_089_1.jpg,Modern Clothing,False,Adamawa,Church,budget
img_0406,seed_data/images/02_modern_clothing/image_090_1.jpg,Modern Clothing,False,South,Graduation,premium
img_0407,seed_data/images/02_modern_clothing/image_091_1.jpg,Modern Clothing,False,Centre,Office,budget
img_0408,seed_data/images/02_modern_clothing/image_092_1.jpg,Modern Clothing,False,Littoral,Casual,mid-range
img_0409,seed_data/images/02_modern_clothing/image_093_1.jpg,Modern Clothing,False,West,Date Night,mid-range
img_0410,seed_data/images/02_modern_clothing/image_094_1.jpg,Modern Clothing,False,Adamawa,Church,budget
img_0411,seed_data/images/02_modern_clothing/image_095_1.jpg,Modern Clothing,False,South,Graduation,premium
img_0412,seed_data/images/02_modern_clothing/image_096_1.jpg,Modern Clothing,False,Centre,Office,budget
img_0413,seed_data/images/02_modern_clothing/image_097_1.jpg,Modern Clothing,False,Littoral,Casual,mid-range
img_0414,seed_data/images/02_modern_clothing/image_098_1.jpg,Modern Clothing,False,West,Date Night,mid-range
img_0415,seed_data/images/02_modern_clothing/image_099_1.jpg,Modern Clothing,False,Adamawa,Church,budget
img_0416,seed_data/images/02_modern_clothing/image_100_1.jpg,Modern Clothing,False,South,Graduation,premium
img_0417,seed_data/images/02_modern_clothing/image_101_1.jpg,Modern Clothing,False,Centre,Office,budget
img_0418,seed_data/images/02_modern_clothing/image_102_1.jpg,Modern Clothing,False,Littoral,Casual,mid-range
img_0419,seed_data/images/02_modern_clothing/image_103_1.jpg,Modern Clothing,False,West,Date Night,mid-range
img_0420,seed_data/images/02_modern_clothing/image_104_1.jpg,Modern Clothing,False,Adamawa,Church,budget
img_0421,seed_data/images/02_modern_clothing/image_105_1.jpg,Modern Clothing,False,South,Graduation,premium
img_0422,seed_data/images/02_modern_clothing/image_106_1.jpg,Modern Clothing,False,Centre,Office,budget
img_0423,seed_data/images/02_modern_clothing/image_107_1.jpg,Modern Clothing,False,Littoral,Casual,mid-range
img_0424,seed_data/images/02_modern_clothing/image_108_1.jpg,Modern Clothing,False,West,Date Night,mid-range
img_0425,seed_data/images/02_modern_clothing/image_109_1.jpg,Modern Clothing,False,Adamawa,Church,budget
img_0426,seed_data/images/02_modern_clothing/image_110_1.jpg,Modern Clothing,False,South,Graduation,premium
img_0427,seed_data/images/02_modern_clothing/image_111_1.jpg,Modern Clothing,False,Centre,Office,budget
img_0428,seed_data/images/02_modern_clothing/image_112_1.jpg,Modern Clothing,False,Littoral,Casual,mid-range
img_0429,seed_data/images/02_modern_clothing/image_113_1.jpg,Modern Clothing,False,West,Date Night,mid-range
img_0430,seed_data/images/02_modern_clothing/image_114_1.jpg,Modern Clothing,False,Adamawa,Church,budget
img_0431,seed_data/images/02_modern_clothing/image_115_1.jpg,Modern Clothing,False,South,Graduation,premium
img_0432,seed_data/images/02_modern_clothing/image_116_1.jpg,Modern Clothing,False,Centre,Office,budget
img_0433,seed_data/images/02_modern_clothing/image_117_1.jpg,Modern Clothing,False,Littoral,Casual,mid-range
img_0434,seed_data/images/02_modern_clothing/image_118_1.jpg,Modern Clothing,False,West,Date Night,mid-range
img_0435,seed_data/images/02_modern_clothing/image_119_1.jpg,Modern Clothing,False,Adamawa,Church,budget
img_0436,seed_data/images/02_modern_clothing/image_120_1.jpg,Modern Clothing,False,South,Graduation,premium
img_0437,seed_data/images/02_modern_clothing/image_121_1.jpg,Modern Clothing,False,Centre,Office,budget
img_0438,seed_data/images/02_modern_clothing/image_122_1.jpg,Modern Clothing,False,Littoral,Casual,mid-range
img_0439,seed_data/images/02_modern_clothing/image_123_1.jpg,Modern Clothing,False,West,Date Night,mid-range
img_0440,seed_data/images/02_modern_clothing/image_124_1.jpg,Modern Clothing,False,Adamawa,Church,budget
img_0441,seed_data/images/02_modern_clothing/image_125_1.jpg,Modern Clothing,False,South,Graduation,premium
img_0442,seed_data/images/02_modern_clothing/image_126_1.jpg,Modern Clothing,False,Centre,Office,budget
img_0443,seed_data/images/02_modern_clothing/image_127_1.jpg,Modern Clothing,False,Littoral,Casual,mid-range
img_0444,seed_data/images/02_modern_clothing/image_128_1.jpg,Modern Clothing,False,West,Date Night,mid-range
img_0445,seed_data/images/02_modern_clothing/image_129_1.jpg,Modern Clothing,False,Adamawa,Church,budget
img_0446,seed_data/images/02_modern_clothing/image_130_1.jpg,Modern Clothing,False,South,Graduation,premium
img_0447,seed_data/images/02_modern_clothing/image_131_1.jpg,Modern Clothing,False,Centre,Office,budget
img_0448,seed_data/images/02_modern_clothing/image_132_1.jpg,Modern Clothing,False,Littoral,Casual,mid-range
img_0449,seed_data/images/02_modern_clothing/image_133_1.jpg,Modern Clothing,False,West,Date Night,mid-range
img_0450,seed_data/images/02_modern_clothing/image_134_1.jpg,Modern Clothing,False,Adamawa,Church,budget
img_0451,seed_data/images/02_modern_clothing/image_135_1.jpg,Modern Clothing,False,South,Graduation,premium
img_0452,seed_data/images/02_modern_clothing/image_136_1.jpg,Modern Clothing,False,Centre,Office,budget
img_0453,seed_data/images/02_modern_clothing/image_137_1.jpg,Modern Clothing,False,Littoral,Casual,mid-range
img_0454,seed_data/images/02_modern_clothing/image_138.jpg,Modern Clothing,False,West,Date Night,mid-range
img_0455,seed_data/images/02_modern_clothing/image_139.jpg,Modern Clothing,False,Adamawa,Church,budget
img_0456,seed_data/images/02_modern_clothing/image_140.jpg,Modern Clothing,False,South,Graduation,premium
img_0457,seed_data/images/02_modern_clothing/image_141.jpg,Modern Clothing,False,Centre,Office,budget
img_0458,seed_data/images/02_modern_clothing/image_142.jpg,Modern Clothing,False,Littoral,Casual,mid-range
img_0459,seed_data/images/02_modern_clothing/image_143.jpg,Modern Clothing,False,West,Date Night,mid-range
img_0460,seed_data/images/02_modern_clothing/image_144.jpg,Modern Clothing,False,Adamawa,Church,budget
img_0461,seed_data/images/02_modern_clothing/image_145.jpg,Modern Clothing,False,South,Graduation,premium
img_0462,seed_data/images/02_modern_clothing/image_146.jpg,Modern Clothing,False,Centre,Office,budget
img_0463,seed_data/images/02_modern_clothing/image_147.jpg,Modern Clothing,False,Littoral,Casual,mid-range
img_0464,seed_data/images/02_modern_clothing/image_148.jpg,Modern Clothing,False,West,Date Night,mid-range
img_0465,seed_data/images/02_modern_clothing/image_149.jpg,Modern Clothing,False,Adamawa,Church,budget
img_0466,seed_data/images/02_modern_clothing/image_150.jpg,Modern Clothing,False,South,Graduation,premium
img_0467,seed_data/images/02_modern_clothing/image_151.jpg,Modern Clothing,False,Centre,Office,budget
img_0468,seed_data/images/02_modern_clothing/image_152.jpg,Modern Clothing,False,Littoral,Casual,mid-range
img_0469,seed_data/images/02_modern_clothing/image_153.jpg,Modern Clothing,False,West,Date Night,mid-range
img_0470,seed_data/images/02_modern_clothing/image_154.jpg,Modern Clothing,False,Adamawa,Church,budget
img_0471,seed_data/images/02_modern_clothing/image_155.jpg,Modern Clothing,False,South,Graduation,premium
img_0472,seed_data/images/02_modern_clothing/image_156.jpg,Modern Clothing,False,Centre,Office,budget
img_0473,seed_data/images/02_modern_clothing/image_157.jpg,Modern Clothing,False,Littoral,Casual,mid-range
img_0474,seed_data/images/02_modern_clothing/image_158.jpg,Modern Clothing,False,West,Date Night,mid-range
img_0475,seed_data/images/02_modern_clothing/image_159.jpg,Modern Clothing,False,Adamawa,Church,budget
img_0476,seed_data/images/02_modern_clothing/image_160.jpg,Modern Clothing,False,South,Graduation,premium
img_0477,seed_data/images/02_modern_clothing/image_161.jpg,Modern Clothing,False,Centre,Office,budget
img_0478,seed_data/images/02_modern_clothing/image_162.jpg,Modern Clothing,False,Littoral,Casual,mid-range
img_0479,seed_data/images/02_modern_clothing/image_163.jpg,Modern Clothing,False,West,Date Night,mid-range
img_0480,seed_data/images/02_modern_clothing/image_164.jpg,Modern Clothing,False,Adamawa,Church,budget
img_0481,seed_data/images/02_modern_clothing/image_165.jpg,Modern Clothing,False,South,Graduation,premium
img_0482,seed_data/images/02_modern_clothing/image_166.jpg,Modern Clothing,False,Centre,Office,budget
img_0483,seed_data/images/02_modern_clothing/image_167.jpg,Modern Clothing,False,Littoral,Casual,mid-range
img_0484,seed_data/images/02_modern_clothing/image_168.jpg,Modern Clothing,False,West,Date Night,mid-range
img_0485,seed_data/images/02_modern_clothing/image_169.jpg,Modern Clothing,False,Adamawa,Church,budget
img_0486,seed_data/images/02_modern_clothing/image_170.jpg,Modern Clothing,False,South,Graduation,premium
img_0487,seed_data/images/02_modern_clothing/image_171.jpg,Modern Clothing,False,Centre,Office,budget
img_0488,seed_data/images/02_modern_clothing/image_172.jpg,Modern Clothing,False,Littoral,Casual,mid-range
img_0489,seed_data/images/02_modern_clothing/image_173.jpg,Modern Clothing,False,West,Date Night,mid-range
img_0490,seed_data/images/02_modern_clothing/image_174.jpg,Modern Clothing,False,Adamawa,Church,budget
img_0491,seed_data/images/02_modern_clothing/image_175.jpg,Modern Clothing,False,South,Graduation,premium
img_0492,seed_data/images/02_modern_clothing/image_176.jpg,Modern Clothing,False,Centre,Office,budget
img_0493,seed_data/images/02_modern_clothing/image_177.jpg,Modern Clothing,False,Littoral,Casual,mid-range
img_0494,seed_data/images/02_modern_clothing/image_178.jpg,Modern Clothing,False,West,Date Night,mid-range
img_0495,seed_data/images/02_modern_clothing/image_179.jpg,Modern Clothing,False,Adamawa,Church,budget
img_0496,seed_data/images/02_modern_clothing/image_180.jpg,Modern Clothing,False,South,Graduation,premium
img_0497,seed_data/images/02_modern_clothing/image_181.jpg,Modern Clothing,False,Centre,Office,budget
img_0498,seed_data/images/02_modern_clothing/image_182.jpg,Modern Clothing,False,Littoral,Casual,mid-range
img_0499,seed_data/images/02_modern_clothing/image_183.jpg,Modern Clothing,False,West,Date Night,mid-range
img_0500,seed_data/images/02_modern_clothing/image_184.jpg,Modern Clothing,False,Adamawa,Church,budget
img_0501,seed_data/images/02_modern_clothing/image_185.jpg,Modern Clothing,False,South,Graduation,premium
img_0502,seed_data/images/02_modern_clothing/image_186.jpg,Modern Clothing,False,Centre,Office,budget
img_0503,seed_data/images/02_modern_clothing/image_187.jpg,Modern Clothing,False,Littoral,Casual,mid-range
img_0504,seed_data/images/02_modern_clothing/image_188.jpg,Modern Clothing,False,West,Date Night,mid-range
img_0505,seed_data/images/02_modern_clothing/image_189.jpg,Modern Clothing,False,Adamawa,Church,budget
img_0506,seed_data/images/02_modern_clothing/image_190.jpg,Modern Clothing,False,South,Graduation,premium
img_0507,seed_data/images/02_modern_clothing/image_191.jpg,Modern Clothing,False,Centre,Office,budget
img_0508,seed_data/images/02_modern_clothing/image_192.jpg,Modern Clothing,False,Littoral,Casual,mid-range
img_0509,seed_data/images/02_modern_clothing/image_193.jpg,Modern Clothing,False,West,Date Night,mid-range
img_0510,seed_data/images/02_modern_clothing/image_194.jpg,Modern Clothing,False,Adamawa,Church,budget
img_0511,seed_data/images/02_modern_clothing/image_195.jpg,Modern Clothing,False,South,Graduation,premium
img_0512,seed_data/images/02_modern_clothing/image_196.jpg,Modern Clothing,False,Centre,Office,budget
img_0513,seed_data/images/02_modern_clothing/image_197.jpg,Modern Clothing,False,Littoral,Casual,mid-range
img_0514,seed_data/images/02_modern_clothing/image_198.jpg,Modern Clothing,False,West,Date Night,mid-range
img_0515,seed_data/images/02_modern_clothing/image_199.jpg,Modern Clothing,False,Adamawa,Church,budget
img_0516,seed_data/images/02_modern_clothing/image_200.jpg,Modern Clothing,False,South,Graduation,premium
img_0517,seed_data/images/02_modern_clothing/image_201.jpg,Modern Clothing,False,Centre,Office,budget
img_0518,seed_data/images/02_modern_clothing/image_202.jpg,Modern Clothing,False,Littoral,Casual,mid-range
img_0519,seed_data/images/02_modern_clothing/image_203.jpg,Modern Clothing,False,West,Date Night,mid-range
img_0520,seed_data/images/02_modern_clothing/image_204.jpg,Modern Clothing,False,Adamawa,Church,budget
img_0521,seed_data/images/02_modern_clothing/image_205.jpg,Modern Clothing,False,South,Graduation,premium
img_0522,seed_data/images/02_modern_clothing/image_206.jpg,Modern Clothing,False,Centre,Office,budget
img_0523,seed_data/images/02_modern_clothing/image_207.jpg,Modern Clothing,False,Littoral,Casual,mid-range
img_0524,seed_data/images/02_modern_clothing/image_208.jpg,Modern Clothing,False,West,Date Night,mid-range
img_0525,seed_data/images/02_modern_clothing/image_209.jpg,Modern Clothing,False,Adamawa,Church,budget
img_0526,seed_data/images/02_modern_clothing/image_210.jpg,Modern Clothing,False,South,Graduation,premium
img_0527,seed_data/images/02_modern_clothing/image_211.jpg,Modern Clothing,False,Centre,Office,budget
img_0528,seed_data/images/02_modern_clothing/image_212.jpg,Modern Clothing,False,Littoral,Casual,mid-range
img_0529,seed_data/images/02_modern_clothing/image_213.jpg,Modern Clothing,False,West,Date Night,mid-range
img_0530,seed_data/images/02_modern_clothing/image_214.jpg,Modern Clothing,False,Adamawa,Church,budget
img_0531,seed_data/images/02_modern_clothing/image_215.jpg,Modern Clothing,False,South,Graduation,premium
img_0532,seed_data/images/02_modern_clothing/image_216.jpg,Modern Clothing,False,Centre,Office,budget
img_0533,seed_data/images/02_modern_clothing/image_217.jpg,Modern Clothing,False,Littoral,Casual,mid-range
img_0534,seed_data/images/02_modern_clothing/image_218.jpg,Modern Clothing,False,West,Date Night,mid-range
img_0535,seed_data/images/02_modern_clothing/image_219.jpg,Modern Clothing,False,Adamawa,Church,budget
img_0536,seed_data/images/02_modern_clothing/image_220.jpg,Modern Clothing,False,South,Graduation,premium
img_0537,seed_data/images/02_modern_clothing/image_221.jpg,Modern Clothing,False,Centre,Office,budget
img_0538,seed_data/images/02_modern_clothing/image_222.jpg,Modern Clothing,False,Littoral,Casual,mid-range
img_0539,seed_data/images/02_modern_clothing/image_223.jpg,Modern Clothing,False,West,Date Night,mid-range
img_0540,seed_data/images/02_modern_clothing/image_224.jpg,Modern Clothing,False,Adamawa,Church,budget
img_0541,seed_data/images/02_modern_clothing/image_225.jpg,Modern Clothing,False,South,Graduation,premium
img_0542,seed_data/images/02_modern_clothing/image_226.jpg,Modern Clothing,False,Centre,Office,budget
img_0543,seed_data/images/02_modern_clothing/image_227.jpg,Modern Clothing,False,Littoral,Casual,mid-range
img_0544,seed_data/images/02_modern_clothing/image_228.jpg,Modern Clothing,False,West,Date Night,mid-range
img_0545,seed_data/images/02_modern_clothing/image_229.jpg,Modern Clothing,False,Adamawa,Church,budget
img_0546,seed_data/images/02_modern_clothing/image_230.jpg,Modern Clothing,False,South,Graduation,premium
img_0547,seed_data/images/02_modern_clothing/image_231.jpg,Modern Clothing,False,Centre,Office,budget
img_0548,seed_data/images/02_modern_clothing/image_232.jpg,Modern Clothing,False,Littoral,Casual,mid-range
img_0549,seed_data/images/02_modern_clothing/image_233.jpg,Modern Clothing,False,West,Date Night,mid-range
img_0550,seed_data/images/02_modern_clothing/image_234.jpg,Modern Clothing,False,Adamawa,Church,budget
img_0551,seed_data/images/02_modern_clothing/image_235.jpg,Modern Clothing,False,South,Graduation,premium
img_0552,seed_data/images/02_modern_clothing/image_236.jpg,Modern Clothing,False,Centre,Office,budget
img_0553,seed_data/images/02_modern_clothing/image_237.jpg,Modern Clothing,False,Littoral,Casual,mid-range
img_0554,seed_data/images/02_modern_clothing/image_238.jpg,Modern Clothing,False,West,Date Night,mid-range
img_0555,seed_data/images/02_modern_clothing/image_239.jpg,Modern Clothing,False,Adamawa,Church,budget
img_0556,seed_data/images/02_modern_clothing/image_240.jpg,Modern Clothing,False,South,Graduation,premium
img_0557,seed_data/images/02_modern_clothing/image_241.jpg,Modern Clothing,False,Centre,Office,budget
img_0558,seed_data/images/02_modern_clothing/image_242.jpg,Modern Clothing,False,Littoral,Casual,mid-range
img_0559,seed_data/images/02_modern_clothing/image_243.jpg,Modern Clothing,False,West,Date Night,mid-range
img_0560,seed_data/images/02_modern_clothing/image_244.jpg,Modern Clothing,False,Adamawa,Church,budget
img_0561,seed_data/images/02_modern_clothing/image_245.jpg,Modern Clothing,False,South,Graduation,premium
img_0562,seed_data/images/02_modern_clothing/image_246.jpg,Modern Clothing,False,Centre,Office,budget
img_0563,seed_data/images/02_modern_clothing/image_247.jpg,Modern Clothing,False,Littoral,Casual,mid-range
img_0564,seed_data/images/02_modern_clothing/image_248.jpg,Modern Clothing,False,West,Date Night,mid-range
img_0565,seed_data/images/02_modern_clothing/image_249.jpg,Modern Clothing,False,Adamawa,Church,budget
img_0566,seed_data/images/02_modern_clothing/image_250.jpg,Modern Clothing,False,South,Graduation,premium
img_0567,seed_data/images/02_modern_clothing/image_251.jpg,Modern Clothing,False,Centre,Office,budget
img_0568,seed_data/images/02_modern_clothing/image_252.jpg,Modern Clothing,False,Littoral,Casual,mid-range
img_0569,seed_data/images/02_modern_clothing/image_253.jpg,Modern Clothing,False,West,Date Night,mid-range
img_0570,seed_data/images/02_modern_clothing/image_254.jpg,Modern Clothing,False,Adamawa,Church,budget
img_0571,seed_data/images/02_modern_clothing/image_255.jpg,Modern Clothing,False,South,Graduation,premium
img_0572,seed_data/images/02_modern_clothing/image_256.jpg,Modern Clothing,False,Centre,Office,budget
img_0573,seed_data/images/02_modern_clothing/image_257.jpg,Modern Clothing,False,Littoral,Casual,mid-range
img_0574,seed_data/images/02_modern_clothing/image_258.jpg,Modern Clothing,False,West,Date Night,mid-range
img_0575,seed_data/images/02_modern_clothing/image_259.jpg,Modern Clothing,False,Adamawa,Church,budget
img_0576,seed_data/images/02_modern_clothing/image_260.jpg,Modern Clothing,False,South,Graduation,premium
img_0577,seed_data/images/02_modern_clothing/image_261.jpg,Modern Clothing,False,Centre,Office,budget
img_0578,seed_data/images/02_modern_clothing/image_262.jpg,Modern Clothing,False,Littoral,Casual,mid-range
img_0579,seed_data/images/02_modern_clothing/image_263.jpg,Modern Clothing,False,West,Date Night,mid-range
img_0580,seed_data/images/02_modern_clothing/image_264.jpg,Modern Clothing,False,Adamawa,Church,budget
img_0581,seed_data/images/02_modern_clothing/image_265.jpg,Modern Clothing,False,South,Graduation,premium
img_0582,seed_data/images/02_modern_clothing/image_266.jpg,Modern Clothing,False,Centre,Office,budget
img_0583,seed_data/images/02_modern_clothing/image_267.jpg,Modern Clothing,False,Littoral,Casual,mid-range
img_0584,seed_data/images/02_modern_clothing/image_268.jpg,Modern Clothing,False,West,Date Night,mid-range
img_0585,seed_data/images/02_modern_clothing/image_269.jpg,Modern Clothing,False,Adamawa,Church,budget
img_0586,seed_data/images/02_modern_clothing/image_270.jpg,Modern Clothing,False,South,Graduation,premium
img_0587,seed_data/images/02_modern_clothing/image_271.jpg,Modern Clothing,False,Centre,Office,budget
img_0588,seed_data/images/02_modern_clothing/image_272.jpg,Modern Clothing,False,Littoral,Casual,mid-range
img_0589,seed_data/images/02_modern_clothing/image_273.jpg,Modern Clothing,False,West,Date Night,mid-range
img_0590,seed_data/images/02_modern_clothing/image_274.jpg,Modern Clothing,False,Adamawa,Church,budget
img_0591,seed_data/images/03_traditional_hairstyles/image_001_1.jpg,Traditional Hairstyle,True,Northwest,Wedding,budget
img_0592,seed_data/images/03_traditional_hairstyles/image_002_1.jpg,Traditional Hairstyle,True,West,Traditional Ceremony,budget
img_0593,seed_data/images/03_traditional_hairstyles/image_003_1.jpg,Traditional Hairstyle,True,Littoral,Cultural Festival,mid-range
img_0594,seed_data/images/03_traditional_hairstyles/image_004_1.jpg,Traditional Hairstyle,True,Centre,Graduation,budget
img_0595,seed_data/images/03_traditional_hairstyles/image_005_1.jpg,Traditional Hairstyle,True,South,Funeral,mid-range
img_0596,seed_data/images/03_traditional_hairstyles/image_006_1.jpg,Traditional Hairstyle,True,Northwest,Wedding,budget
img_0597,seed_data/images/03_traditional_hairstyles/image_007_1.jpg,Traditional Hairstyle,True,West,Traditional Ceremony,budget
img_0598,seed_data/images/03_traditional_hairstyles/image_008_1.jpg,Traditional Hairstyle,True,Littoral,Cultural Festival,mid-range
img_0599,seed_data/images/03_traditional_hairstyles/image_009_1.jpg,Traditional Hairstyle,True,Centre,Graduation,budget
img_0600,seed_data/images/03_traditional_hairstyles/image_010_1.jpg,Traditional Hairstyle,True,South,Funeral,mid-range
img_0601,seed_data/images/03_traditional_hairstyles/image_011_1.jpg,Traditional Hairstyle,True,Northwest,Wedding,budget
img_0602,seed_data/images/03_traditional_hairstyles/image_012_1.jpg,Traditional Hairstyle,True,West,Traditional Ceremony,budget
img_0603,seed_data/images/03_traditional_hairstyles/image_013_1.jpg,Traditional Hairstyle,True,Littoral,Cultural Festival,mid-range
img_0604,seed_data/images/03_traditional_hairstyles/image_014_1.jpg,Traditional Hairstyle,True,Centre,Graduation,budget
img_0605,seed_data/images/03_traditional_hairstyles/image_015_1.jpg,Traditional Hairstyle,True,South,Funeral,mid-range
img_0606,seed_data/images/03_traditional_hairstyles/image_016_1.jpg,Traditional Hairstyle,True,Northwest,Wedding,budget
img_0607,seed_data/images/03_traditional_hairstyles/image_017_1.jpg,Traditional Hairstyle,True,West,Traditional Ceremony,budget
img_0608,seed_data/images/03_traditional_hairstyles/image_018_1.jpg,Traditional Hairstyle,True,Littoral,Cultural Festival,mid-range
img_0609,seed_data/images/03_traditional_hairstyles/image_019_1.jpg,Traditional Hairstyle,True,Centre,Graduation,budget
img_0610,seed_data/images/03_traditional_hairstyles/image_020_1.jpg,Traditional Hairstyle,True,South,Funeral,mid-range
img_0611,seed_data/images/03_traditional_hairstyles/image_021_1.jpg,Traditional Hairstyle,True,Northwest,Wedding,budget
img_0612,seed_data/images/03_traditional_hairstyles/image_022_1.jpg,Traditional Hairstyle,True,West,Traditional Ceremony,budget
img_0613,seed_data/images/03_traditional_hairstyles/image_023_1.jpg,Traditional Hairstyle,True,Littoral,Cultural Festival,mid-range
img_0614,seed_data/images/03_traditional_hairstyles/image_024_1.jpg,Traditional Hairstyle,True,Centre,Graduation,budget
img_0615,seed_data/images/03_traditional_hairstyles/image_025_1.jpg,Traditional Hairstyle,True,South,Funeral,mid-range
img_0616,seed_data/images/03_traditional_hairstyles/image_026_1.jpg,Traditional Hairstyle,True,Northwest,Wedding,budget
img_0617,seed_data/images/03_traditional_hairstyles/image_027_1.jpg,Traditional Hairstyle,True,West,Traditional Ceremony,budget
img_0618,seed_data/images/03_traditional_hairstyles/image_028_1.jpg,Traditional Hairstyle,True,Littoral,Cultural Festival,mid-range
img_0619,seed_data/images/03_traditional_hairstyles/image_029_1.jpg,Traditional Hairstyle,True,Centre,Graduation,budget
img_0620,seed_data/images/03_traditional_hairstyles/image_030_1.jpg,Traditional Hairstyle,True,South,Funeral,mid-range
img_0621,seed_data/images/03_traditional_hairstyles/image_031_1.jpg,Traditional Hairstyle,True,Northwest,Wedding,budget
img_0622,seed_data/images/03_traditional_hairstyles/image_032_1.jpg,Traditional Hairstyle,True,West,Traditional Ceremony,budget
img_0623,seed_data/images/03_traditional_hairstyles/image_033_1.jpg,Traditional Hairstyle,True,Littoral,Cultural Festival,mid-range
img_0624,seed_data/images/03_traditional_hairstyles/image_034_1.jpg,Traditional Hairstyle,True,Centre,Graduation,budget
img_0625,seed_data/images/03_traditional_hairstyles/image_035_1.jpg,Traditional Hairstyle,True,South,Funeral,mid-range
img_0626,seed_data/images/03_traditional_hairstyles/image_036_1.jpg,Traditional Hairstyle,True,Northwest,Wedding,budget
img_0627,seed_data/images/03_traditional_hairstyles/image_037_1.jpg,Traditional Hairstyle,True,West,Traditional Ceremony,budget
img_0628,seed_data/images/03_traditional_hairstyles/image_038_1.jpg,Traditional Hairstyle,True,Littoral,Cultural Festival,mid-range
img_0629,seed_data/images/03_traditional_hairstyles/image_039_1.jpg,Traditional Hairstyle,True,Centre,Graduation,budget
img_0630,seed_data/images/03_traditional_hairstyles/image_040_1.jpg,Traditional Hairstyle,True,South,Funeral,mid-range
img_0631,seed_data/images/03_traditional_hairstyles/image_041_1.jpg,Traditional Hairstyle,True,Northwest,Wedding,budget
img_0632,seed_data/images/03_traditional_hairstyles/image_042_1.jpg,Traditional Hairstyle,True,West,Traditional Ceremony,budget
img_0633,seed_data/images/03_traditional_hairstyles/image_043_1.jpg,Traditional Hairstyle,True,Littoral,Cultural Festival,mid-range
img_0634,seed_data/images/03_traditional_hairstyles/image_044_1.jpg,Traditional Hairstyle,True,Centre,Graduation,budget
img_0635,seed_data/images/03_traditional_hairstyles/image_045_1.jpg,Traditional Hairstyle,True,South,Funeral,mid-range
img_0636,seed_data/images/03_traditional_hairstyles/image_046_1.jpg,Traditional Hairstyle,True,Northwest,Wedding,budget
img_0637,seed_data/images/03_traditional_hairstyles/image_047_1.jpg,Traditional Hairstyle,True,West,Traditional Ceremony,budget
img_0638,seed_data/images/03_traditional_hairstyles/image_048_1.jpg,Traditional Hairstyle,True,Littoral,Cultural Festival,mid-range
img_0639,seed_data/images/03_traditional_hairstyles/image_049_1.jpg,Traditional Hairstyle,True,Centre,Graduation,budget
img_0640,seed_data/images/03_traditional_hairstyles/image_050_1.jpg,Traditional Hairstyle,True,South,Funeral,mid-range
img_0641,seed_data/images/03_traditional_hairstyles/image_051_1.jpg,Traditional Hairstyle,True,Northwest,Wedding,budget
img_0642,seed_data/images/03_traditional_hairstyles/image_052_1.jpg,Traditional Hairstyle,True,West,Traditional Ceremony,budget
img_0643,seed_data/images/03_traditional_hairstyles/image_053_1.jpg,Traditional Hairstyle,True,Littoral,Cultural Festival,mid-range
img_0644,seed_data/images/03_traditional_hairstyles/image_054_1.jpg,Traditional Hairstyle,True,Centre,Graduation,budget
img_0645,seed_data/images/03_traditional_hairstyles/image_055_1.jpg,Traditional Hairstyle,True,South,Funeral,mid-range
img_0646,seed_data/images/03_traditional_hairstyles/image_056_1.jpg,Traditional Hairstyle,True,Northwest,Wedding,budget
img_0647,seed_data/images/03_traditional_hairstyles/image_057_1.jpg,Traditional Hairstyle,True,West,Traditional Ceremony,budget
img_0648,seed_data/images/03_traditional_hairstyles/image_058_1.jpg,Traditional Hairstyle,True,Littoral,Cultural Festival,mid-range
img_0649,seed_data/images/03_traditional_hairstyles/image_059_1.jpg,Traditional Hairstyle,True,Centre,Graduation,budget
img_0650,seed_data/images/03_traditional_hairstyles/image_060_1.jpg,Traditional Hairstyle,True,South,Funeral,mid-range
img_0651,seed_data/images/03_traditional_hairstyles/image_061_1.jpg,Traditional Hairstyle,True,Northwest,Wedding,budget
img_0652,seed_data/images/03_traditional_hairstyles/image_062_1.jpg,Traditional Hairstyle,True,West,Traditional Ceremony,budget
img_0653,seed_data/images/03_traditional_hairstyles/image_063_1.jpg,Traditional Hairstyle,True,Littoral,Cultural Festival,mid-range
img_0654,seed_data/images/03_traditional_hairstyles/image_064_1.jpg,Traditional Hairstyle,True,Centre,Graduation,budget
img_0655,seed_data/images/03_traditional_hairstyles/image_065_1.jpg,Traditional Hairstyle,True,South,Funeral,mid-range
img_0656,seed_data/images/03_traditional_hairstyles/image_066_1.jpg,Traditional Hairstyle,True,Northwest,Wedding,budget
img_0657,seed_data/images/03_traditional_hairstyles/image_067_1.jpg,Traditional Hairstyle,True,West,Traditional Ceremony,budget
img_0658,seed_data/images/03_traditional_hairstyles/image_068_1.jpg,Traditional Hairstyle,True,Littoral,Cultural Festival,mid-range
img_0659,seed_data/images/03_traditional_hairstyles/image_069_1.jpg,Traditional Hairstyle,True,Centre,Graduation,budget
img_0660,seed_data/images/03_traditional_hairstyles/image_070_1.jpg,Traditional Hairstyle,True,South,Funeral,mid-range
img_0661,seed_data/images/03_traditional_hairstyles/image_071_1.jpg,Traditional Hairstyle,True,Northwest,Wedding,budget
img_0662,seed_data/images/03_traditional_hairstyles/image_072_1.jpg,Traditional Hairstyle,True,West,Traditional Ceremony,budget
img_0663,seed_data/images/03_traditional_hairstyles/image_073_1.jpg,Traditional Hairstyle,True,Littoral,Cultural Festival,mid-range
img_0664,seed_data/images/03_traditional_hairstyles/image_074_1.jpg,Traditional Hairstyle,True,Centre,Graduation,budget
img_0665,seed_data/images/03_traditional_hairstyles/image_075_1.jpg,Traditional Hairstyle,True,South,Funeral,mid-range
img_0666,seed_data/images/03_traditional_hairstyles/image_076_1.jpg,Traditional Hairstyle,True,Northwest,Wedding,budget
img_0667,seed_data/images/03_traditional_hairstyles/image_077_1.jpg,Traditional Hairstyle,True,West,Traditional Ceremony,budget
img_0668,seed_data/images/03_traditional_hairstyles/image_078.jpg,Traditional Hairstyle,True,Littoral,Cultural Festival,mid-range
img_0669,seed_data/images/03_traditional_hairstyles/image_079.jpg,Traditional Hairstyle,True,Centre,Graduation,budget
img_0670,seed_data/images/03_traditional_hairstyles/image_080.jpg,Traditional Hairstyle,True,South,Funeral,mid-range
img_0671,seed_data/images/03_traditional_hairstyles/image_081.jpg,Traditional Hairstyle,True,Northwest,Wedding,budget
img_0672,seed_data/images/03_traditional_hairstyles/image_082.jpg,Traditional Hairstyle,True,West,Traditional Ceremony,budget
img_0673,seed_data/images/03_traditional_hairstyles/image_083.jpg,Traditional Hairstyle,True,Littoral,Cultural Festival,mid-range
img_0674,seed_data/images/03_traditional_hairstyles/image_084.jpg,Traditional Hairstyle,True,Centre,Graduation,budget
img_0675,seed_data/images/03_traditional_hairstyles/image_085.jpg,Traditional Hairstyle,True,South,Funeral,mid-range
img_0676,seed_data/images/03_traditional_hairstyles/image_086.jpg,Traditional Hairstyle,True,Northwest,Wedding,budget
img_0677,seed_data/images/03_traditional_hairstyles/image_087.jpg,Traditional Hairstyle,True,West,Traditional Ceremony,budget
img_0678,seed_data/images/03_traditional_hairstyles/image_088.jpg,Traditional Hairstyle,True,Littoral,Cultural Festival,mid-range
img_0679,seed_data/images/03_traditional_hairstyles/image_089.jpg,Traditional Hairstyle,True,Centre,Graduation,budget
img_0680,seed_data/images/03_traditional_hairstyles/image_090.jpg,Traditional Hairstyle,True,South,Funeral,mid-range
img_0681,seed_data/images/03_traditional_hairstyles/image_091.jpg,Traditional Hairstyle,True,Northwest,Wedding,budget
img_0682,seed_data/images/03_traditional_hairstyles/image_092.jpg,Traditional Hairstyle,True,West,Traditional Ceremony,budget
img_0683,seed_data/images/03_traditional_hairstyles/image_093.jpg,Traditional Hairstyle,True,Littoral,Cultural Festival,mid-range
img_0684,seed_data/images/03_traditional_hairstyles/image_094.jpg,Traditional Hairstyle,True,Centre,Graduation,budget
img_0685,seed_data/images/03_traditional_hairstyles/image_095.jpg,Traditional Hairstyle,True,South,Funeral,mid-range
img_0686,seed_data/images/03_traditional_hairstyles/image_096.jpg,Traditional Hairstyle,True,Northwest,Wedding,budget
img_0687,seed_data/images/03_traditional_hairstyles/image_097.jpg,Traditional Hairstyle,True,West,Traditional Ceremony,budget
img_0688,seed_data/images/03_traditional_hairstyles/image_098.jpg,Traditional Hairstyle,True,Littoral,Cultural Festival,mid-range
img_0689,seed_data/images/03_traditional_hairstyles/image_099.jpg,Traditional Hairstyle,True,Centre,Graduation,budget
img_0690,seed_data/images/03_traditional_hairstyles/image_100.jpg,Traditional Hairstyle,True,South,Funeral,mid-range
img_0691,seed_data/images/03_traditional_hairstyles/image_101.jpg,Traditional Hairstyle,True,Northwest,Wedding,budget
img_0692,seed_data/images/03_traditional_hairstyles/image_102.jpg,Traditional Hairstyle,True,West,Traditional Ceremony,budget
img_0693,seed_data/images/03_traditional_hairstyles/image_103.jpg,Traditional Hairstyle,True,Littoral,Cultural Festival,mid-range
img_0694,seed_data/images/03_traditional_hairstyles/image_104.jpg,Traditional Hairstyle,True,Centre,Graduation,budget
img_0695,seed_data/images/03_traditional_hairstyles/image_105.jpg,Traditional Hairstyle,True,South,Funeral,mid-range
img_0696,seed_data/images/03_traditional_hairstyles/image_106.jpg,Traditional Hairstyle,True,Northwest,Wedding,budget
img_0697,seed_data/images/03_traditional_hairstyles/image_107.jpg,Traditional Hairstyle,True,West,Traditional Ceremony,budget
img_0698,seed_data/images/03_traditional_hairstyles/image_108.jpg,Traditional Hairstyle,True,Littoral,Cultural Festival,mid-range
img_0699,seed_data/images/03_traditional_hairstyles/image_109.jpg,Traditional Hairstyle,True,Centre,Graduation,budget
img_0700,seed_data/images/03_traditional_hairstyles/image_110.jpg,Traditional Hairstyle,True,South,Funeral,mid-range
img_0701,seed_data/images/03_traditional_hairstyles/image_111.jpg,Traditional Hairstyle,True,Northwest,Wedding,budget
img_0702,seed_data/images/03_traditional_hairstyles/image_112.jpg,Traditional Hairstyle,True,West,Traditional Ceremony,budget
img_0703,seed_data/images/03_traditional_hairstyles/image_113.jpg,Traditional Hairstyle,True,Littoral,Cultural Festival,mid-range
img_0704,seed_data/images/03_traditional_hairstyles/image_114.jpg,Traditional Hairstyle,True,Centre,Graduation,budget
img_0705,seed_data/images/03_traditional_hairstyles/image_115.jpg,Traditional Hairstyle,True,South,Funeral,mid-range
img_0706,seed_data/images/03_traditional_hairstyles/image_116.jpg,Traditional Hairstyle,True,Northwest,Wedding,budget
img_0707,seed_data/images/03_traditional_hairstyles/image_117.jpg,Traditional Hairstyle,True,West,Traditional Ceremony,budget
img_0708,seed_data/images/03_traditional_hairstyles/image_118.jpg,Traditional Hairstyle,True,Littoral,Cultural Festival,mid-range
img_0709,seed_data/images/03_traditional_hairstyles/image_119.jpg,Traditional Hairstyle,True,Centre,Graduation,budget
img_0710,seed_data/images/03_traditional_hairstyles/image_120.jpg,Traditional Hairstyle,True,South,Funeral,mid-range
img_0711,seed_data/images/03_traditional_hairstyles/image_121.jpg,Traditional Hairstyle,True,Northwest,Wedding,budget
img_0712,seed_data/images/03_traditional_hairstyles/image_122.jpg,Traditional Hairstyle,True,West,Traditional Ceremony,budget
img_0713,seed_data/images/03_traditional_hairstyles/image_123.jpg,Traditional Hairstyle,True,Littoral,Cultural Festival,mid-range
img_0714,seed_data/images/03_traditional_hairstyles/image_124.jpg,Traditional Hairstyle,True,Centre,Graduation,budget
img_0715,seed_data/images/03_traditional_hairstyles/image_125.jpg,Traditional Hairstyle,True,South,Funeral,mid-range
img_0716,seed_data/images/03_traditional_hairstyles/image_126.jpg,Traditional Hairstyle,True,Northwest,Wedding,budget
img_0717,seed_data/images/03_traditional_hairstyles/image_127.jpg,Traditional Hairstyle,True,West,Traditional Ceremony,budget
img_0718,seed_data/images/03_traditional_hairstyles/image_128.jpg,Traditional Hairstyle,True,Littoral,Cultural Festival,mid-range
img_0719,seed_data/images/03_traditional_hairstyles/image_129.jpg,Traditional Hairstyle,True,Centre,Graduation,budget
img_0720,seed_data/images/03_traditional_hairstyles/image_130.jpg,Traditional Hairstyle,True,South,Funeral,mid-range
img_0721,seed_data/images/03_traditional_hairstyles/image_131.jpg,Traditional Hairstyle,True,Northwest,Wedding,budget
img_0722,seed_data/images/03_traditional_hairstyles/image_132.jpg,Traditional Hairstyle,True,West,Traditional Ceremony,budget
img_0723,seed_data/images/03_traditional_hairstyles/image_133.jpg,Traditional Hairstyle,True,Littoral,Cultural Festival,mid-range
img_0724,seed_data/images/03_traditional_hairstyles/image_134.jpg,Traditional Hairstyle,True,Centre,Graduation,budget
img_0725,seed_data/images/03_traditional_hairstyles/image_135.jpg,Traditional Hairstyle,True,South,Funeral,mid-range
img_0726,seed_data/images/03_traditional_hairstyles/image_136.jpg,Traditional Hairstyle,True,Northwest,Wedding,budget
img_0727,seed_data/images/03_traditional_hairstyles/image_137.jpg,Traditional Hairstyle,True,West,Traditional Ceremony,budget
img_0728,seed_data/images/03_traditional_hairstyles/image_138.jpg,Traditional Hairstyle,True,Littoral,Cultural Festival,mid-range
img_0729,seed_data/images/03_traditional_hairstyles/image_139.jpg,Traditional Hairstyle,True,Centre,Graduation,budget
img_0730,seed_data/images/03_traditional_hairstyles/image_140.jpg,Traditional Hairstyle,True,South,Funeral,mid-range
img_0731,seed_data/images/03_traditional_hairstyles/image_141.jpg,Traditional Hairstyle,True,Northwest,Wedding,budget
img_0732,seed_data/images/03_traditional_hairstyles/image_142.jpg,Traditional Hairstyle,True,West,Traditional Ceremony,budget
img_0733,seed_data/images/03_traditional_hairstyles/image_143.jpg,Traditional Hairstyle,True,Littoral,Cultural Festival,mid-range
img_0734,seed_data/images/03_traditional_hairstyles/image_144.jpg,Traditional Hairstyle,True,Centre,Graduation,budget
img_0735,seed_data/images/03_traditional_hairstyles/image_145.jpg,Traditional Hairstyle,True,South,Funeral,mid-range
img_0736,seed_data/images/03_traditional_hairstyles/image_146.jpg,Traditional Hairstyle,True,Northwest,Wedding,budget
img_0737,seed_data/images/03_traditional_hairstyles/image_147.jpg,Traditional Hairstyle,True,West,Traditional Ceremony,budget
img_0738,seed_data/images/03_traditional_hairstyles/image_148.jpg,Traditional Hairstyle,True,Littoral,Cultural Festival,mid-range
img_0739,seed_data/images/03_traditional_hairstyles/image_149.jpg,Traditional Hairstyle,True,Centre,Graduation,budget
img_0740,seed_data/images/03_traditional_hairstyles/image_150.jpg,Traditional Hairstyle,True,South,Funeral,mid-range
img_0741,seed_data/images/03_traditional_hairstyles/image_151.jpg,Traditional Hairstyle,True,Northwest,Wedding,budget
img_0742,seed_data/images/03_traditional_hairstyles/image_152.jpg,Traditional Hairstyle,True,West,Traditional Ceremony,budget
img_0743,seed_data/images/03_traditional_hairstyles/image_153.jpg,Traditional Hairstyle,True,Littoral,Cultural Festival,mid-range
img_0744,seed_data/images/03_traditional_hairstyles/image_154.jpg,Traditional Hairstyle,True,Centre,Graduation,budget
img_0745,seed_data/images/04_modern_hairstyles/image_001_1.jpg,Modern Hairstyle,False,Centre,Casual,budget
img_0746,seed_data/images/04_modern_hairstyles/image_002_1.jpg,Modern Hairstyle,False,Littoral,Office,budget
img_0747,seed_data/images/04_modern_hairstyles/image_003_1.jpg,Modern Hairstyle,False,West,Date Night,budget
img_0748,seed_data/images/04_modern_hairstyles/image_004_1.jpg,Modern Hairstyle,False,South,Church,mid-range
img_0749,seed_data/images/04_modern_hairstyles/image_005_1.jpg,Modern Hairstyle,False,East,Graduation,budget
img_0750,seed_data/images/04_modern_hairstyles/image_006_1.jpg,Modern Hairstyle,False,Centre,Casual,budget
img_0751,seed_data/images/04_modern_hairstyles/image_007_1.jpg,Modern Hairstyle,False,Littoral,Office,budget
img_0752,seed_data/images/04_modern_hairstyles/image_008_1.jpg,Modern Hairstyle,False,West,Date Night,budget
img_0753,seed_data/images/04_modern_hairstyles/image_009_1.jpg,Modern Hairstyle,False,South,Church,mid-range
img_0754,seed_data/images/04_modern_hairstyles/image_010_1.jpg,Modern Hairstyle,False,East,Graduation,budget
img_0755,seed_data/images/04_modern_hairstyles/image_011_1.jpg,Modern Hairstyle,False,Centre,Casual,budget
img_0756,seed_data/images/04_modern_hairstyles/image_012_1.jpg,Modern Hairstyle,False,Littoral,Office,budget
img_0757,seed_data/images/04_modern_hairstyles/image_013_1.jpg,Modern Hairstyle,False,West,Date Night,budget
img_0758,seed_data/images/04_modern_hairstyles/image_014_1.jpg,Modern Hairstyle,False,South,Church,mid-range
img_0759,seed_data/images/04_modern_hairstyles/image_015_1.jpg,Modern Hairstyle,False,East,Graduation,budget
img_0760,seed_data/images/04_modern_hairstyles/image_016_1.jpg,Modern Hairstyle,False,Centre,Casual,budget
img_0761,seed_data/images/04_modern_hairstyles/image_017_1.jpg,Modern Hairstyle,False,Littoral,Office,budget
img_0762,seed_data/images/04_modern_hairstyles/image_018_1.jpg,Modern Hairstyle,False,West,Date Night,budget
img_0763,seed_data/images/04_modern_hairstyles/image_019_1.jpg,Modern Hairstyle,False,South,Church,mid-range
img_0764,seed_data/images/04_modern_hairstyles/image_020_1.jpg,Modern Hairstyle,False,East,Graduation,budget
img_0765,seed_data/images/04_modern_hairstyles/image_021_1.jpg,Modern Hairstyle,False,Centre,Casual,budget
img_0766,seed_data/images/04_modern_hairstyles/image_022_1.jpg,Modern Hairstyle,False,Littoral,Office,budget
img_0767,seed_data/images/04_modern_hairstyles/image_023_1.jpg,Modern Hairstyle,False,West,Date Night,budget
img_0768,seed_data/images/04_modern_hairstyles/image_024_1.jpg,Modern Hairstyle,False,South,Church,mid-range
img_0769,seed_data/images/04_modern_hairstyles/image_025_1.jpg,Modern Hairstyle,False,East,Graduation,budget
img_0770,seed_data/images/04_modern_hairstyles/image_026_1.jpg,Modern Hairstyle,False,Centre,Casual,budget
img_0771,seed_data/images/04_modern_hairstyles/image_027_1.jpg,Modern Hairstyle,False,Littoral,Office,budget
img_0772,seed_data/images/04_modern_hairstyles/image_028_1.jpg,Modern Hairstyle,False,West,Date Night,budget
img_0773,seed_data/images/04_modern_hairstyles/image_029_1.jpg,Modern Hairstyle,False,South,Church,mid-range
img_0774,seed_data/images/04_modern_hairstyles/image_030_1.jpg,Modern Hairstyle,False,East,Graduation,budget
img_0775,seed_data/images/04_modern_hairstyles/image_031_1.jpg,Modern Hairstyle,False,Centre,Casual,budget
img_0776,seed_data/images/04_modern_hairstyles/image_032_1.jpg,Modern Hairstyle,False,Littoral,Office,budget
img_0777,seed_data/images/04_modern_hairstyles/image_033_1.jpg,Modern Hairstyle,False,West,Date Night,budget
img_0778,seed_data/images/04_modern_hairstyles/image_034.jpg,Modern Hairstyle,False,South,Church,mid-range
img_0779,seed_data/images/04_modern_hairstyles/image_035.jpg,Modern Hairstyle,False,East,Graduation,budget
img_0780,seed_data/images/04_modern_hairstyles/image_036.jpg,Modern Hairstyle,False,Centre,Casual,budget
img_0781,seed_data/images/04_modern_hairstyles/image_037.jpg,Modern Hairstyle,False,Littoral,Office,budget
img_0782,seed_data/images/04_modern_hairstyles/image_038.jpg,Modern Hairstyle,False,West,Date Night,budget
img_0783,seed_data/images/04_modern_hairstyles/image_039.jpg,Modern Hairstyle,False,South,Church,mid-range
img_0784,seed_data/images/04_modern_hairstyles/image_040.jpg,Modern Hairstyle,False,East,Graduation,budget
img_0785,seed_data/images/04_modern_hairstyles/image_041.jpg,Modern Hairstyle,False,Centre,Casual,budget
img_0786,seed_data/images/04_modern_hairstyles/image_042.jpg,Modern Hairstyle,False,Littoral,Office,budget
img_0787,seed_data/images/04_modern_hairstyles/image_043.jpg,Modern Hairstyle,False,West,Date Night,budget
img_0788,seed_data/images/04_modern_hairstyles/image_044.jpg,Modern Hairstyle,False,South,Church,mid-range
img_0789,seed_data/images/04_modern_hairstyles/image_045.jpg,Modern Hairstyle,False,East,Graduation,budget
img_0790,seed_data/images/04_modern_hairstyles/image_046.jpg,Modern Hairstyle,False,Centre,Casual,budget
img_0791,seed_data/images/04_modern_hairstyles/image_047.jpg,Modern Hairstyle,False,Littoral,Office,budget
img_0792,seed_data/images/04_modern_hairstyles/image_048.jpg,Modern Hairstyle,False,West,Date Night,budget
img_0793,seed_data/images/04_modern_hairstyles/image_049.jpg,Modern Hairstyle,False,South,Church,mid-range
img_0794,seed_data/images/04_modern_hairstyles/image_050.jpg,Modern Hairstyle,False,East,Graduation,budget
img_0795,seed_data/images/04_modern_hairstyles/image_051.jpg,Modern Hairstyle,False,Centre,Casual,budget
img_0796,seed_data/images/04_modern_hairstyles/image_052.jpg,Modern Hairstyle,False,Littoral,Office,budget
img_0797,seed_data/images/04_modern_hairstyles/image_053.jpg,Modern Hairstyle,False,West,Date Night,budget
img_0798,seed_data/images/04_modern_hairstyles/image_054.jpg,Modern Hairstyle,False,South,Church,mid-range
img_0799,seed_data/images/04_modern_hairstyles/image_055.jpg,Modern Hairstyle,False,East,Graduation,budget
img_0800,seed_data/images/04_modern_hairstyles/image_056.jpg,Modern Hairstyle,False,Centre,Casual,budget
img_0801,seed_data/images/04_modern_hairstyles/image_057.jpg,Modern Hairstyle,False,Littoral,Office,budget
img_0802,seed_data/images/04_modern_hairstyles/image_058.jpg,Modern Hairstyle,False,West,Date Night,budget
img_0803,seed_data/images/04_modern_hairstyles/image_059.jpg,Modern Hairstyle,False,South,Church,mid-range
img_0804,seed_data/images/04_modern_hairstyles/image_060.jpg,Modern Hairstyle,False,East,Graduation,budget
img_0805,seed_data/images/04_modern_hairstyles/image_061.jpg,Modern Hairstyle,False,Centre,Casual,budget
img_0806,seed_data/images/04_modern_hairstyles/image_062.jpg,Modern Hairstyle,False,Littoral,Office,budget
img_0807,seed_data/images/04_modern_hairstyles/image_063.jpg,Modern Hairstyle,False,West,Date Night,budget
img_0808,seed_data/images/04_modern_hairstyles/image_064.jpg,Modern Hairstyle,False,South,Church,mid-range
img_0809,seed_data/images/04_modern_hairstyles/image_065.jpg,Modern Hairstyle,False,East,Graduation,budget
img_0810,seed_data/images/04_modern_hairstyles/image_066.jpg,Modern Hairstyle,False,Centre,Casual,budget
img_0811,seed_data/images/05_accessories/image_001_1.jpg,Accessories,True,West,Wedding,budget
img_0812,seed_data/images/05_accessories/image_002_1.jpg,Accessories,True,Northwest,Traditional Ceremony,budget
img_0813,seed_data/images/05_accessories/image_003_1.jpg,Accessories,True,Littoral,Casual,budget
img_0814,seed_data/images/05_accessories/image_004_1.jpg,Accessories,True,Centre,Cultural Festival,mid-range
img_0815,seed_data/images/05_accessories/image_005_1.jpg,Accessories,True,South,Graduation,budget
img_0816,seed_data/images/05_accessories/image_006_1.jpg,Accessories,True,West,Wedding,budget
img_0817,seed_data/images/05_accessories/image_007_1.jpg,Accessories,True,Northwest,Traditional Ceremony,budget
img_0818,seed_data/images/05_accessories/image_008_1.jpg,Accessories,True,Littoral,Casual,budget
img_0819,seed_data/images/05_accessories/image_009_1.jpg,Accessories,True,Centre,Cultural Festival,mid-range
img_0820,seed_data/images/05_accessories/image_010_1.jpg,Accessories,True,South,Graduation,budget
img_0821,seed_data/images/05_accessories/image_011_1.jpg,Accessories,True,West,Wedding,budget
img_0822,seed_data/images/05_accessories/image_012_1.jpg,Accessories,True,Northwest,Traditional Ceremony,budget
img_0823,seed_data/images/05_accessories/image_013_1.jpg,Accessories,True,Littoral,Casual,budget
img_0824,seed_data/images/05_accessories/image_014_1.jpg,Accessories,True,Centre,Cultural Festival,mid-range
img_0825,seed_data/images/05_accessories/image_015_1.jpg,Accessories,True,South,Graduation,budget
img_0826,seed_data/images/05_accessories/image_016_1.jpg,Accessories,True,West,Wedding,budget
img_0827,seed_data/images/05_accessories/image_017_1.jpg,Accessories,True,Northwest,Traditional Ceremony,budget
img_0828,seed_data/images/05_accessories/image_018_1.jpg,Accessories,True,Littoral,Casual,budget
img_0829,seed_data/images/05_accessories/image_019_1.jpg,Accessories,True,Centre,Cultural Festival,mid-range
img_0830,seed_data/images/05_accessories/image_020_1.jpg,Accessories,True,South,Graduation,budget
img_0831,seed_data/images/05_accessories/image_021_1.jpg,Accessories,True,West,Wedding,budget
img_0832,seed_data/images/05_accessories/image_022_1.jpg,Accessories,True,Northwest,Traditional Ceremony,budget
img_0833,seed_data/images/05_accessories/image_023_1.jpg,Accessories,True,Littoral,Casual,budget
img_0834,seed_data/images/05_accessories/image_024_1.jpg,Accessories,True,Centre,Cultural Festival,mid-range
img_0835,seed_data/images/05_accessories/image_025_1.jpg,Accessories,True,South,Graduation,budget
img_0836,seed_data/images/05_accessories/image_026_1.jpg,Accessories,True,West,Wedding,budget
img_0837,seed_data/images/05_accessories/image_027_1.jpg,Accessories,True,Northwest,Traditional Ceremony,budget
img_0838,seed_data/images/05_accessories/image_028_1.jpg,Accessories,True,Littoral,Casual,budget
img_0839,seed_data/images/05_accessories/image_029_1.jpg,Accessories,True,Centre,Cultural Festival,mid-range
img_0840,seed_data/images/05_accessories/image_030_1.jpg,Accessories,True,South,Graduation,budget
img_0841,seed_data/images/05_accessories/image_031_1.jpg,Accessories,True,West,Wedding,budget
img_0842,seed_data/images/05_accessories/image_032_1.jpg,Accessories,True,Northwest,Traditional Ceremony,budget
img_0843,seed_data/images/05_accessories/image_033_1.jpg,Accessories,True,Littoral,Casual,budget
img_0844,seed_data/images/05_accessories/image_034_1.jpg,Accessories,True,Centre,Cultural Festival,mid-range
img_0845,seed_data/images/05_accessories/image_035_1.jpg,Accessories,True,South,Graduation,budget
img_0846,seed_data/images/05_accessories/image_036_1.jpg,Accessories,True,West,Wedding,budget
img_0847,seed_data/images/05_accessories/image_037_1.jpg,Accessories,True,Northwest,Traditional Ceremony,budget
img_0848,seed_data/images/05_accessories/image_038_1.jpg,Accessories,True,Littoral,Casual,budget
img_0849,seed_data/images/05_accessories/image_039_1.jpg,Accessories,True,Centre,Cultural Festival,mid-range
img_0850,seed_data/images/05_accessories/image_040_1.jpg,Accessories,True,South,Graduation,budget
img_0851,seed_data/images/05_accessories/image_041_1.jpg,Accessories,True,West,Wedding,budget
img_0852,seed_data/images/05_accessories/image_042_1.jpg,Accessories,True,Northwest,Traditional Ceremony,budget
img_0853,seed_data/images/05_accessories/image_043_1.jpg,Accessories,True,Littoral,Casual,budget
img_0854,seed_data/images/05_accessories/image_044_1.jpg,Accessories,True,Centre,Cultural Festival,mid-range
img_0855,seed_data/images/05_accessories/image_045_1.jpg,Accessories,True,South,Graduation,budget
img_0856,seed_data/images/05_accessories/image_046_1.jpg,Accessories,True,West,Wedding,budget
img_0857,seed_data/images/05_accessories/image_047_1.jpg,Accessories,True,Northwest,Traditional Ceremony,budget
img_0858,seed_data/images/05_accessories/image_048_1.jpg,Accessories,True,Littoral,Casual,budget
img_0859,seed_data/images/05_accessories/image_049_1.jpg,Accessories,True,Centre,Cultural Festival,mid-range
img_0860,seed_data/images/05_accessories/image_050_1.jpg,Accessories,True,South,Graduation,budget
img_0861,seed_data/images/05_accessories/image_051_1.jpg,Accessories,True,West,Wedding,budget
img_0862,seed_data/images/05_accessories/image_052_1.jpg,Accessories,True,Northwest,Traditional Ceremony,budget
img_0863,seed_data/images/05_accessories/image_053_1.jpg,Accessories,True,Littoral,Casual,budget
img_0864,seed_data/images/05_accessories/image_054_1.jpg,Accessories,True,Centre,Cultural Festival,mid-range
img_0865,seed_data/images/05_accessories/image_055_1.jpg,Accessories,True,South,Graduation,budget
img_0866,seed_data/images/05_accessories/image_056_1.jpg,Accessories,True,West,Wedding,budget
img_0867,seed_data/images/05_accessories/image_057_1.jpg,Accessories,True,Northwest,Traditional Ceremony,budget
img_0868,seed_data/images/05_accessories/image_058_1.jpg,Accessories,True,Littoral,Casual,budget
img_0869,seed_data/images/05_accessories/image_059_1.jpg,Accessories,True,Centre,Cultural Festival,mid-range
img_0870,seed_data/images/05_accessories/image_060_1.jpg,Accessories,True,South,Graduation,budget
img_0871,seed_data/images/05_accessories/image_061_1.jpg,Accessories,True,West,Wedding,budget
img_0872,seed_data/images/05_accessories/image_062_1.jpg,Accessories,True,Northwest,Traditional Ceremony,budget
img_0873,seed_data/images/05_accessories/image_063_1.jpg,Accessories,True,Littoral,Casual,budget
img_0874,seed_data/images/05_accessories/image_064_1.jpg,Accessories,True,Centre,Cultural Festival,mid-range
img_0875,seed_data/images/05_accessories/image_065_1.jpg,Accessories,True,South,Graduation,budget
img_0876,seed_data/images/05_accessories/image_066_1.jpg,Accessories,True,West,Wedding,budget
img_0877,seed_data/images/05_accessories/image_067_1.jpg,Accessories,True,Northwest,Traditional Ceremony,budget
img_0878,seed_data/images/05_accessories/image_068_1.jpg,Accessories,True,Littoral,Casual,budget
img_0879,seed_data/images/05_accessories/image_069_1.jpg,Accessories,True,Centre,Cultural Festival,mid-range
img_0880,seed_data/images/05_accessories/image_070_1.jpg,Accessories,True,South,Graduation,budget
img_0881,seed_data/images/05_accessories/image_071_1.jpg,Accessories,True,West,Wedding,budget
img_0882,seed_data/images/05_accessories/image_072_1.jpg,Accessories,True,Northwest,Traditional Ceremony,budget
img_0883,seed_data/images/05_accessories/image_073_1.jpg,Accessories,True,Littoral,Casual,budget
img_0884,seed_data/images/05_accessories/image_074_1.jpg,Accessories,True,Centre,Cultural Festival,mid-range
img_0885,seed_data/images/05_accessories/image_075_1.jpg,Accessories,True,South,Graduation,budget
img_0886,seed_data/images/05_accessories/image_076_1.jpg,Accessories,True,West,Wedding,budget
img_0887,seed_data/images/05_accessories/image_077_1.jpg,Accessories,True,Northwest,Traditional Ceremony,budget
img_0888,seed_data/images/05_accessories/image_078_1.jpg,Accessories,True,Littoral,Casual,budget
img_0889,seed_data/images/05_accessories/image_079_1.jpg,Accessories,True,Centre,Cultural Festival,mid-range
img_0890,seed_data/images/05_accessories/image_080_1.jpg,Accessories,True,South,Graduation,budget
img_0891,seed_data/images/05_accessories/image_081_1.jpg,Accessories,True,West,Wedding,budget
img_0892,seed_data/images/05_accessories/image_082_1.jpg,Accessories,True,Northwest,Traditional Ceremony,budget
img_0893,seed_data/images/05_accessories/image_083_1.jpg,Accessories,True,Littoral,Casual,budget
img_0894,seed_data/images/05_accessories/image_084_1.jpg,Accessories,True,Centre,Cultural Festival,mid-range
img_0895,seed_data/images/05_accessories/image_085_1.jpg,Accessories,True,South,Graduation,budget
img_0896,seed_data/images/05_accessories/image_086_1.jpg,Accessories,True,West,Wedding,budget
img_0897,seed_data/images/05_accessories/image_087_1.jpg,Accessories,True,Northwest,Traditional Ceremony,budget
img_0898,seed_data/images/05_accessories/image_088_1.jpg,Accessories,True,Littoral,Casual,budget
img_0899,seed_data/images/05_accessories/image_089_1.jpg,Accessories,True,Centre,Cultural Festival,mid-range
img_0900,seed_data/images/05_accessories/image_090_1.jpg,Accessories,True,South,Graduation,budget
img_0901,seed_data/images/05_accessories/image_091_1.jpg,Accessories,True,West,Wedding,budget
img_0902,seed_data/images/05_accessories/image_092_1.jpg,Accessories,True,Northwest,Traditional Ceremony,budget
img_0903,seed_data/images/05_accessories/image_093_1.jpg,Accessories,True,Littoral,Casual,budget
img_0904,seed_data/images/05_accessories/image_094_1.jpg,Accessories,True,Centre,Cultural Festival,mid-range
img_0905,seed_data/images/05_accessories/image_095_1.jpg,Accessories,True,South,Graduation,budget
img_0906,seed_data/images/05_accessories/image_096_1.jpg,Accessories,True,West,Wedding,budget
img_0907,seed_data/images/05_accessories/image_097_1.jpg,Accessories,True,Northwest,Traditional Ceremony,budget
img_0908,seed_data/images/05_accessories/image_098_1.jpg,Accessories,True,Littoral,Casual,budget
img_0909,seed_data/images/05_accessories/image_099_1.jpg,Accessories,True,Centre,Cultural Festival,mid-range
img_0910,seed_data/images/05_accessories/image_100_1.jpg,Accessories,True,South,Graduation,budget
img_0911,seed_data/images/05_accessories/image_101_1.jpg,Accessories,True,West,Wedding,budget
img_0912,seed_data/images/05_accessories/image_102_1.jpg,Accessories,True,Northwest,Traditional Ceremony,budget
img_0913,seed_data/images/05_accessories/image_103_1.jpg,Accessories,True,Littoral,Casual,budget
img_0914,seed_data/images/05_accessories/image_104_1.jpg,Accessories,True,Centre,Cultural Festival,mid-range
img_0915,seed_data/images/05_accessories/image_105_1.jpg,Accessories,True,South,Graduation,budget
img_0916,seed_data/images/05_accessories/image_106_1.jpg,Accessories,True,West,Wedding,budget
img_0917,seed_data/images/05_accessories/image_107_1.jpg,Accessories,True,Northwest,Traditional Ceremony,budget
img_0918,seed_data/images/05_accessories/image_108_1.jpg,Accessories,True,Littoral,Casual,budget
img_0919,seed_data/images/05_accessories/image_109_1.jpg,Accessories,True,Centre,Cultural Festival,mid-range
img_0920,seed_data/images/05_accessories/image_110_1.jpg,Accessories,True,South,Graduation,budget
img_0921,seed_data/images/05_accessories/image_111_1.jpg,Accessories,True,West,Wedding,budget
img_0922,seed_data/images/05_accessories/image_112_1.jpg,Accessories,True,Northwest,Traditional Ceremony,budget
img_0923,seed_data/images/05_accessories/image_113_1.jpg,Accessories,True,Littoral,Casual,budget
img_0924,seed_data/images/05_accessories/image_114_1.jpg,Accessories,True,Centre,Cultural Festival,mid-range
img_0925,seed_data/images/05_accessories/image_115_1.jpg,Accessories,True,South,Graduation,budget
img_0926,seed_data/images/05_accessories/image_116_1.jpg,Accessories,True,West,Wedding,budget
img_0927,seed_data/images/05_accessories/image_117_1.jpg,Accessories,True,Northwest,Traditional Ceremony,budget
img_0928,seed_data/images/05_accessories/image_118_1.jpg,Accessories,True,Littoral,Casual,budget
img_0929,seed_data/images/05_accessories/image_119_1.jpg,Accessories,True,Centre,Cultural Festival,mid-range
img_0930,seed_data/images/05_accessories/image_120_1.jpg,Accessories,True,South,Graduation,budget
img_0931,seed_data/images/05_accessories/image_121_1.jpg,Accessories,True,West,Wedding,budget
img_0932,seed_data/images/05_accessories/image_122_1.jpg,Accessories,True,Northwest,Traditional Ceremony,budget
img_0933,seed_data/images/05_accessories/image_123_1.jpg,Accessories,True,Littoral,Casual,budget
img_0934,seed_data/images/05_accessories/image_124_1.jpg,Accessories,True,Centre,Cultural Festival,mid-range
img_0935,seed_data/images/05_accessories/image_125_1.jpg,Accessories,True,South,Graduation,budget
img_0936,seed_data/images/05_accessories/image_126_1.jpg,Accessories,True,West,Wedding,budget
img_0937,seed_data/images/05_accessories/image_127_1.jpg,Accessories,True,Northwest,Traditional Ceremony,budget
img_0938,seed_data/images/05_accessories/image_128_1.jpg,Accessories,True,Littoral,Casual,budget
img_0939,seed_data/images/05_accessories/image_129_1.jpg,Accessories,True,Centre,Cultural Festival,mid-range
img_0940,seed_data/images/05_accessories/image_130_1.jpg,Accessories,True,South,Graduation,budget
img_0941,seed_data/images/05_accessories/image_131_1.jpg,Accessories,True,West,Wedding,budget
img_0942,seed_data/images/05_accessories/image_132_1.jpg,Accessories,True,Northwest,Traditional Ceremony,budget
img_0943,seed_data/images/05_accessories/image_133_1.jpg,Accessories,True,Littoral,Casual,budget
img_0944,seed_data/images/05_accessories/image_134_1.jpg,Accessories,True,Centre,Cultural Festival,mid-range
img_0945,seed_data/images/05_accessories/image_135_1.jpg,Accessories,True,South,Graduation,budget
img_0946,seed_data/images/05_accessories/image_136_1.jpg,Accessories,True,West,Wedding,budget
img_0947,seed_data/images/05_accessories/image_137_1.jpg,Accessories,True,Northwest,Traditional Ceremony,budget
img_0948,seed_data/images/05_accessories/image_138_1.jpg,Accessories,True,Littoral,Casual,budget
img_0949,seed_data/images/05_accessories/image_139_1.jpg,Accessories,True,Centre,Cultural Festival,mid-range
img_0950,seed_data/images/05_accessories/image_140_1.jpg,Accessories,True,South,Graduation,budget
img_0951,seed_data/images/05_accessories/image_141_1.jpg,Accessories,True,West,Wedding,budget
img_0952,seed_data/images/05_accessories/image_142_1.jpg,Accessories,True,Northwest,Traditional Ceremony,budget
img_0953,seed_data/images/05_accessories/image_143_1.jpg,Accessories,True,Littoral,Casual,budget
img_0954,seed_data/images/05_accessories/image_144_1.jpg,Accessories,True,Centre,Cultural Festival,mid-range
img_0955,seed_data/images/05_accessories/image_145_1.jpg,Accessories,True,South,Graduation,budget
img_0956,seed_data/images/05_accessories/image_146_1.jpg,Accessories,True,West,Wedding,budget
img_0957,seed_data/images/05_accessories/image_147.jpg,Accessories,True,Northwest,Traditional Ceremony,budget
img_0958,seed_data/images/05_accessories/image_148.jpg,Accessories,True,Littoral,Casual,budget
img_0959,seed_data/images/05_accessories/image_149.jpg,Accessories,True,Centre,Cultural Festival,mid-range
img_0960,seed_data/images/05_accessories/image_150.jpg,Accessories,True,South,Graduation,budget
img_0961,seed_data/images/05_accessories/image_151.jpg,Accessories,True,West,Wedding,budget
img_0962,seed_data/images/05_accessories/image_152.jpg,Accessories,True,Northwest,Traditional Ceremony,budget
img_0963,seed_data/images/05_accessories/image_153.jpg,Accessories,True,Littoral,Casual,budget
img_0964,seed_data/images/05_accessories/image_154.jpg,Accessories,True,Centre,Cultural Festival,mid-range
img_0965,seed_data/images/05_accessories/image_155.jpg,Accessories,True,South,Graduation,budget
img_0966,seed_data/images/05_accessories/image_156.jpg,Accessories,True,West,Wedding,budget
img_0967,seed_data/images/05_accessories/image_157.jpg,Accessories,True,Northwest,Traditional Ceremony,budget
img_0968,seed_data/images/05_accessories/image_158.jpg,Accessories,True,Littoral,Casual,budget
img_0969,seed_data/images/05_accessories/image_159.jpg,Accessories,True,Centre,Cultural Festival,mid-range
img_0970,seed_data/images/05_accessories/image_160.jpg,Accessories,True,South,Graduation,budget
img_0971,seed_data/images/05_accessories/image_161.jpg,Accessories,True,West,Wedding,budget
img_0972,seed_data/images/05_accessories/image_162.jpg,Accessories,True,Northwest,Traditional Ceremony,budget
img_0973,seed_data/images/05_accessories/image_163.jpg,Accessories,True,Littoral,Casual,budget
img_0974,seed_data/images/05_accessories/image_164.jpg,Accessories,True,Centre,Cultural Festival,mid-range
img_0975,seed_data/images/05_accessories/image_165.jpg,Accessories,True,South,Graduation,budget
img_0976,seed_data/images/05_accessories/image_166.jpg,Accessories,True,West,Wedding,budget
img_0977,seed_data/images/05_accessories/image_167.jpg,Accessories,True,Northwest,Traditional Ceremony,budget
img_0978,seed_data/images/05_accessories/image_168.jpg,Accessories,True,Littoral,Casual,budget
img_0979,seed_data/images/05_accessories/image_169.jpg,Accessories,True,Centre,Cultural Festival,mid-range
img_0980,seed_data/images/05_accessories/image_170.jpg,Accessories,True,South,Graduation,budget
img_0981,seed_data/images/05_accessories/image_171.jpg,Accessories,True,West,Wedding,budget
img_0982,seed_data/images/05_accessories/image_172.jpg,Accessories,True,Northwest,Traditional Ceremony,budget
img_0983,seed_data/images/05_accessories/image_173.jpg,Accessories,True,Littoral,Casual,budget
img_0984,seed_data/images/05_accessories/image_174.jpg,Accessories,True,Centre,Cultural Festival,mid-range
img_0985,seed_data/images/05_accessories/image_175.jpg,Accessories,True,South,Graduation,budget
img_0986,seed_data/images/05_accessories/image_176.jpg,Accessories,True,West,Wedding,budget
img_0987,seed_data/images/05_accessories/image_177.jpg,Accessories,True,Northwest,Traditional Ceremony,budget
img_0988,seed_data/images/05_accessories/image_178.jpg,Accessories,True,Littoral,Casual,budget
img_0989,seed_data/images/05_accessories/image_179.jpg,Accessories,True,Centre,Cultural Festival,mid-range
img_0990,seed_data/images/05_accessories/image_180.jpg,Accessories,True,South,Graduation,budget
img_0991,seed_data/images/05_accessories/image_181.jpg,Accessories,True,West,Wedding,budget
img_0992,seed_data/images/05_accessories/image_182.jpg,Accessories,True,Northwest,Traditional Ceremony,budget
img_0993,seed_data/images/05_accessories/image_183.jpg,Accessories,True,Littoral,Casual,budget
img_0994,seed_data/images/05_accessories/image_184.jpg,Accessories,True,Centre,Cultural Festival,mid-range
img_0995,seed_data/images/05_accessories/image_185.jpg,Accessories,True,South,Graduation,budget
img_0996,seed_data/images/05_accessories/image_186.jpg,Accessories,True,West,Wedding,budget
img_0997,seed_data/images/05_accessories/image_187.jpg,Accessories,True,Northwest,Traditional Ceremony,budget
img_0998,seed_data/images/05_accessories/image_188.jpg,Accessories,True,Littoral,Casual,budget
img_0999,seed_data/images/05_accessories/image_189.jpg,Accessories,True,Centre,Cultural Festival,mid-range
img_1000,seed_data/images/05_accessories/image_190.jpg,Accessories,True,South,Graduation,budget
img_1001,seed_data/images/05_accessories/image_191.jpg,Accessories,True,West,Wedding,budget
img_1002,seed_data/images/05_accessories/image_192.jpg,Accessories,True,Northwest,Traditional Ceremony,budget
img_1003,seed_data/images/05_accessories/image_193.jpg,Accessories,True,Littoral,Casual,budget
img_1004,seed_data/images/05_accessories/image_194.jpg,Accessories,True,Centre,Cultural Festival,mid-range
img_1005,seed_data/images/05_accessories/image_195.jpg,Accessories,True,South,Graduation,budget
img_1006,seed_data/images/05_accessories/image_196.jpg,Accessories,True,West,Wedding,budget
img_1007,seed_data/images/05_accessories/image_197.jpg,Accessories,True,Northwest,Traditional Ceremony,budget
img_1008,seed_data/images/05_accessories/image_198.jpg,Accessories,True,Littoral,Casual,budget
img_1009,seed_data/images/05_accessories/image_199.jpg,Accessories,True,Centre,Cultural Festival,mid-range
img_1010,seed_data/images/05_accessories/image_200.jpg,Accessories,True,South,Graduation,budget
img_1011,seed_data/images/05_accessories/image_201.jpg,Accessories,True,West,Wedding,budget
img_1012,seed_data/images/05_accessories/image_202.jpg,Accessories,True,Northwest,Traditional Ceremony,budget
img_1013,seed_data/images/05_accessories/image_203.jpg,Accessories,True,Littoral,Casual,budget
img_1014,seed_data/images/05_accessories/image_204.jpg,Accessories,True,Centre,Cultural Festival,mid-range
img_1015,seed_data/images/05_accessories/image_205.jpg,Accessories,True,South,Graduation,budget
img_1016,seed_data/images/05_accessories/image_206.jpg,Accessories,True,West,Wedding,budget
img_1017,seed_data/images/05_accessories/image_207.jpg,Accessories,True,Northwest,Traditional Ceremony,budget
img_1018,seed_data/images/05_accessories/image_208.jpg,Accessories,True,Littoral,Casual,budget
img_1019,seed_data/images/05_accessories/image_209.jpg,Accessories,True,Centre,Cultural Festival,mid-range
img_1020,seed_data/images/05_accessories/image_210.jpg,Accessories,True,South,Graduation,budget
img_1021,seed_data/images/05_accessories/image_211.jpg,Accessories,True,West,Wedding,budget
img_1022,seed_data/images/05_accessories/image_212.jpg,Accessories,True,Northwest,Traditional Ceremony,budget
img_1023,seed_data/images/05_accessories/image_213.jpg,Accessories,True,Littoral,Casual,budget
img_1024,seed_data/images/05_accessories/image_214.jpg,Accessories,True,Centre,Cultural Festival,mid-range
img_1025,seed_data/images/05_accessories/image_215.jpg,Accessories,True,South,Graduation,budget
img_1026,seed_data/images/05_accessories/image_216.jpg,Accessories,True,West,Wedding,budget
img_1027,seed_data/images/05_accessories/image_217.jpg,Accessories,True,Northwest,Traditional Ceremony,budget
img_1028,seed_data/images/05_accessories/image_218.jpg,Accessories,True,Littoral,Casual,budget
img_1029,seed_data/images/05_accessories/image_219.jpg,Accessories,True,Centre,Cultural Festival,mid-range
img_1030,seed_data/images/05_accessories/image_220.jpg,Accessories,True,South,Graduation,budget
img_1031,seed_data/images/05_accessories/image_221.jpg,Accessories,True,West,Wedding,budget
img_1032,seed_data/images/05_accessories/image_222.jpg,Accessories,True,Northwest,Traditional Ceremony,budget
img_1033,seed_data/images/05_accessories/image_223.jpg,Accessories,True,Littoral,Casual,budget
img_1034,seed_data/images/05_accessories/image_224.jpg,Accessories,True,Centre,Cultural Festival,mid-range
img_1035,seed_data/images/05_accessories/image_225.jpg,Accessories,True,South,Graduation,budget
img_1036,seed_data/images/05_accessories/image_226.jpg,Accessories,True,West,Wedding,budget
img_1037,seed_data/images/05_accessories/image_227.jpg,Accessories,True,Northwest,Traditional Ceremony,budget
img_1038,seed_data/images/05_accessories/image_228.jpg,Accessories,True,Littoral,Casual,budget
img_1039,seed_data/images/05_accessories/image_229.jpg,Accessories,True,Centre,Cultural Festival,mid-range
img_1040,seed_data/images/05_accessories/image_230.jpg,Accessories,True,South,Graduation,budget
img_1041,seed_data/images/05_accessories/image_231.jpg,Accessories,True,West,Wedding,budget
img_1042,seed_data/images/05_accessories/image_232.jpg,Accessories,True,Northwest,Traditional Ceremony,budget
img_1043,seed_data/images/05_accessories/image_233.jpg,Accessories,True,Littoral,Casual,budget
img_1044,seed_data/images/05_accessories/image_234.jpg,Accessories,True,Centre,Cultural Festival,mid-range
img_1045,seed_data/images/05_accessories/image_235.jpg,Accessories,True,South,Graduation,budget
img_1046,seed_data/images/05_accessories/image_236.jpg,Accessories,True,West,Wedding,budget
img_1047,seed_data/images/05_accessories/image_237.jpg,Accessories,True,Northwest,Traditional Ceremony,budget
img_1048,seed_data/images/05_accessories/image_238.jpg,Accessories,True,Littoral,Casual,budget
img_1049,seed_data/images/05_accessories/image_239.jpg,Accessories,True,Centre,Cultural Festival,mid-range
img_1050,seed_data/images/05_accessories/image_240.jpg,Accessories,True,South,Graduation,budget
img_1051,seed_data/images/05_accessories/image_241.jpg,Accessories,True,West,Wedding,budget
img_1052,seed_data/images/05_accessories/image_242.jpg,Accessories,True,Northwest,Traditional Ceremony,budget
img_1053,seed_data/images/05_accessories/image_243.jpg,Accessories,True,Littoral,Casual,budget
img_1054,seed_data/images/05_accessories/image_244.jpg,Accessories,True,Centre,Cultural Festival,mid-range
img_1055,seed_data/images/05_accessories/image_245.jpg,Accessories,True,South,Graduation,budget
img_1056,seed_data/images/05_accessories/image_246.jpg,Accessories,True,West,Wedding,budget
img_1057,seed_data/images/05_accessories/image_247.jpg,Accessories,True,Northwest,Traditional Ceremony,budget
img_1058,seed_data/images/05_accessories/image_248.jpg,Accessories,True,Littoral,Casual,budget
img_1059,seed_data/images/05_accessories/image_249.jpg,Accessories,True,Centre,Cultural Festival,mid-range
img_1060,seed_data/images/05_accessories/image_250.jpg,Accessories,True,South,Graduation,budget
img_1061,seed_data/images/05_accessories/image_251.jpg,Accessories,True,West,Wedding,budget
img_1062,seed_data/images/05_accessories/image_252.jpg,Accessories,True,Northwest,Traditional Ceremony,budget
img_1063,seed_data/images/05_accessories/image_253.jpg,Accessories,True,Littoral,Casual,budget
img_1064,seed_data/images/05_accessories/image_254.jpg,Accessories,True,Centre,Cultural Festival,mid-range
img_1065,seed_data/images/05_accessories/image_255.jpg,Accessories,True,South,Graduation,budget
img_1066,seed_data/images/05_accessories/image_256.jpg,Accessories,True,West,Wedding,budget
img_1067,seed_data/images/05_accessories/image_257.jpg,Accessories,True,Northwest,Traditional Ceremony,budget
img_1068,seed_data/images/05_accessories/image_258.jpg,Accessories,True,Littoral,Casual,budget
img_1069,seed_data/images/05_accessories/image_259.jpg,Accessories,True,Centre,Cultural Festival,mid-range
img_1070,seed_data/images/05_accessories/image_260.jpg,Accessories,True,South,Graduation,budget
img_1071,seed_data/images/05_accessories/image_261.jpg,Accessories,True,West,Wedding,budget
img_1072,seed_data/images/05_accessories/image_262.jpg,Accessories,True,Northwest,Traditional Ceremony,budget
img_1073,seed_data/images/05_accessories/image_263.jpg,Accessories,True,Littoral,Casual,budget
img_1074,seed_data/images/05_accessories/image_264.jpg,Accessories,True,Centre,Cultural Festival,mid-range
img_1075,seed_data/images/05_accessories/image_265.jpg,Accessories,True,South,Graduation,budget
img_1076,seed_data/images/05_accessories/image_266.jpg,Accessories,True,West,Wedding,budget
img_1077,seed_data/images/05_accessories/image_267.jpg,Accessories,True,Northwest,Traditional Ceremony,budget
img_1078,seed_data/images/05_accessories/image_268.jpg,Accessories,True,Littoral,Casual,budget
img_1079,seed_data/images/05_accessories/image_269.jpg,Accessories,True,Centre,Cultural Festival,mid-range
img_1080,seed_data/images/05_accessories/image_270.jpg,Accessories,True,South,Graduation,budget
img_1081,seed_data/images/05_accessories/image_271.jpg,Accessories,True,West,Wedding,budget
img_1082,seed_data/images/05_accessories/image_272.jpg,Accessories,True,Northwest,Traditional Ceremony,budget
img_1083,seed_data/images/05_accessories/image_273.jpg,Accessories,True,Littoral,Casual,budget
img_1084,seed_data/images/05_accessories/image_274.jpg,Accessories,True,Centre,Cultural Festival,mid-range
img_1085,seed_data/images/05_accessories/image_275.jpg,Accessories,True,South,Graduation,budget
img_1086,seed_data/images/05_accessories/image_276.jpg,Accessories,True,West,Wedding,budget
img_1087,seed_data/images/05_accessories/image_277.jpg,Accessories,True,Northwest,Traditional Ceremony,budget
img_1088,seed_data/images/05_accessories/image_278.jpg,Accessories,True,Littoral,Casual,budget
img_1089,seed_data/images/05_accessories/image_279.jpg,Accessories,True,Centre,Cultural Festival,mid-range
img_1090,seed_data/images/05_accessories/image_280.jpg,Accessories,True,South,Graduation,budget
img_1091,seed_data/images/05_accessories/image_281.jpg,Accessories,True,West,Wedding,budget
img_1092,seed_data/images/05_accessories/image_282.jpg,Accessories,True,Northwest,Traditional Ceremony,budget
img_1093,seed_data/images/05_accessories/image_283.jpg,Accessories,True,Littoral,Casual,budget
img_1094,seed_data/images/05_accessories/image_284.jpg,Accessories,True,Centre,Cultural Festival,mid-range
img_1095,seed_data/images/05_accessories/image_285.jpg,Accessories,True,South,Graduation,budget
img_1096,seed_data/images/05_accessories/image_286.jpg,Accessories,True,West,Wedding,budget
img_1097,seed_data/images/05_accessories/image_287.jpg,Accessories,True,Northwest,Traditional Ceremony,budget
img_1098,seed_data/images/05_accessories/image_288.jpg,Accessories,True,Littoral,Casual,budget
img_1099,seed_data/images/05_accessories/image_289.jpg,Accessories,True,Centre,Cultural Festival,mid-range
img_1100,seed_data/images/05_accessories/image_290.jpg,Accessories,True,South,Graduation,budget
img_1101,seed_data/images/05_accessories/image_291.jpg,Accessories,True,West,Wedding,budget
img_1102,seed_data/images/05_accessories/image_292.jpg,Accessories,True,Northwest,Traditional Ceremony,budget
img_1103,seed_data/images/06_designer_portfolio/image_001_1.jpg,Designer Portfolio,False,Littoral,Wedding,premium
img_1104,seed_data/images/06_designer_portfolio/image_002_1.jpg,Designer Portfolio,False,Centre,Office,premium
img_1105,seed_data/images/06_designer_portfolio/image_003_1.jpg,Designer Portfolio,False,West,Casual,mid-range
img_1106,seed_data/images/06_designer_portfolio/image_004_1.jpg,Designer Portfolio,False,Northwest,Graduation,premium
img_1107,seed_data/images/06_designer_portfolio/image_005_1.jpg,Designer Portfolio,False,South,Cultural Festival,mid-range
img_1108,seed_data/images/06_designer_portfolio/image_006_1.jpg,Designer Portfolio,False,Littoral,Wedding,premium
img_1109,seed_data/images/06_designer_portfolio/image_007_1.jpg,Designer Portfolio,False,Centre,Office,premium
img_1110,seed_data/images/06_designer_portfolio/image_008_1.jpg,Designer Portfolio,False,West,Casual,mid-range
img_1111,seed_data/images/06_designer_portfolio/image_009_1.jpg,Designer Portfolio,False,Northwest,Graduation,premium
img_1112,seed_data/images/06_designer_portfolio/image_010_1.jpg,Designer Portfolio,False,South,Cultural Festival,mid-range
img_1113,seed_data/images/06_designer_portfolio/image_011_1.jpg,Designer Portfolio,False,Littoral,Wedding,premium
img_1114,seed_data/images/06_designer_portfolio/image_012_1.jpg,Designer Portfolio,False,Centre,Office,premium
img_1115,seed_data/images/06_designer_portfolio/image_013_1.jpg,Designer Portfolio,False,West,Casual,mid-range
img_1116,seed_data/images/06_designer_portfolio/image_014_1.jpg,Designer Portfolio,False,Northwest,Graduation,premium
img_1117,seed_data/images/06_designer_portfolio/image_015_1.jpg,Designer Portfolio,False,South,Cultural Festival,mid-range
img_1118,seed_data/images/06_designer_portfolio/image_016_1.jpg,Designer Portfolio,False,Littoral,Wedding,premium
img_1119,seed_data/images/06_designer_portfolio/image_017_1.jpg,Designer Portfolio,False,Centre,Office,premium
img_1120,seed_data/images/06_designer_portfolio/image_018_1.jpg,Designer Portfolio,False,West,Casual,mid-range
img_1121,seed_data/images/06_designer_portfolio/image_019_1.jpg,Designer Portfolio,False,Northwest,Graduation,premium
img_1122,seed_data/images/06_designer_portfolio/image_020_1.jpg,Designer Portfolio,False,South,Cultural Festival,mid-range
img_1123,seed_data/images/06_designer_portfolio/image_021_1.jpg,Designer Portfolio,False,Littoral,Wedding,premium
img_1124,seed_data/images/06_designer_portfolio/image_022_1.jpg,Designer Portfolio,False,Centre,Office,premium
img_1125,seed_data/images/06_designer_portfolio/image_023_1.jpg,Designer Portfolio,False,West,Casual,mid-range
img_1126,seed_data/images/06_designer_portfolio/image_024_1.jpg,Designer Portfolio,False,Northwest,Graduation,premium
img_1127,seed_data/images/06_designer_portfolio/image_025_1.jpg,Designer Portfolio,False,South,Cultural Festival,mid-range
img_1128,seed_data/images/06_designer_portfolio/image_026_1.jpg,Designer Portfolio,False,Littoral,Wedding,premium
img_1129,seed_data/images/06_designer_portfolio/image_027_1.jpg,Designer Portfolio,False,Centre,Office,premium
img_1130,seed_data/images/06_designer_portfolio/image_028_1.jpg,Designer Portfolio,False,West,Casual,mid-range
img_1131,seed_data/images/06_designer_portfolio/image_029_1.jpg,Designer Portfolio,False,Northwest,Graduation,premium
img_1132,seed_data/images/06_designer_portfolio/image_030_1.jpg,Designer Portfolio,False,South,Cultural Festival,mid-range
img_1133,seed_data/images/06_designer_portfolio/image_031_1.jpg,Designer Portfolio,False,Littoral,Wedding,premium
img_1134,seed_data/images/06_designer_portfolio/image_032_1.jpg,Designer Portfolio,False,Centre,Office,premium
img_1135,seed_data/images/06_designer_portfolio/image_033_1.jpg,Designer Portfolio,False,West,Casual,mid-range
img_1136,seed_data/images/06_designer_portfolio/image_034_1.jpg,Designer Portfolio,False,Northwest,Graduation,premium
img_1137,seed_data/images/06_designer_portfolio/image_035_1.jpg,Designer Portfolio,False,South,Cultural Festival,mid-range
img_1138,seed_data/images/06_designer_portfolio/image_036_1.jpg,Designer Portfolio,False,Littoral,Wedding,premium
img_1139,seed_data/images/06_designer_portfolio/image_037_1.jpg,Designer Portfolio,False,Centre,Office,premium
img_1140,seed_data/images/06_designer_portfolio/image_038_1.jpg,Designer Portfolio,False,West,Casual,mid-range
img_1141,seed_data/images/06_designer_portfolio/image_039_1.jpg,Designer Portfolio,False,Northwest,Graduation,premium
img_1142,seed_data/images/06_designer_portfolio/image_040_1.jpg,Designer Portfolio,False,South,Cultural Festival,mid-range
img_1143,seed_data/images/06_designer_portfolio/image_041_1.jpg,Designer Portfolio,False,Littoral,Wedding,premium
img_1144,seed_data/images/06_designer_portfolio/image_042_1.jpg,Designer Portfolio,False,Centre,Office,premium
img_1145,seed_data/images/06_designer_portfolio/image_043_1.jpg,Designer Portfolio,False,West,Casual,mid-range
img_1146,seed_data/images/06_designer_portfolio/image_044_1.jpg,Designer Portfolio,False,Northwest,Graduation,premium
img_1147,seed_data/images/06_designer_portfolio/image_045_1.jpg,Designer Portfolio,False,South,Cultural Festival,mid-range
img_1148,seed_data/images/06_designer_portfolio/image_046_1.jpg,Designer Portfolio,False,Littoral,Wedding,premium
img_1149,seed_data/images/06_designer_portfolio/image_047_1.jpg,Designer Portfolio,False,Centre,Office,premium
img_1150,seed_data/images/06_designer_portfolio/image_048_1.jpg,Designer Portfolio,False,West,Casual,mid-range
img_1151,seed_data/images/06_designer_portfolio/image_049_1.jpg,Designer Portfolio,False,Northwest,Graduation,premium
img_1152,seed_data/images/06_designer_portfolio/image_050_1.jpg,Designer Portfolio,False,South,Cultural Festival,mid-range
img_1153,seed_data/images/06_designer_portfolio/image_051_1.jpg,Designer Portfolio,False,Littoral,Wedding,premium
img_1154,seed_data/images/06_designer_portfolio/image_052_1.jpg,Designer Portfolio,False,Centre,Office,premium
img_1155,seed_data/images/06_designer_portfolio/image_053_1.jpg,Designer Portfolio,False,West,Casual,mid-range
img_1156,seed_data/images/06_designer_portfolio/image_054_1.jpg,Designer Portfolio,False,Northwest,Graduation,premium
img_1157,seed_data/images/06_designer_portfolio/image_055_1.jpg,Designer Portfolio,False,South,Cultural Festival,mid-range
img_1158,seed_data/images/06_designer_portfolio/image_056_1.jpg,Designer Portfolio,False,Littoral,Wedding,premium
img_1159,seed_data/images/06_designer_portfolio/image_057_1.jpg,Designer Portfolio,False,Centre,Office,premium
img_1160,seed_data/images/06_designer_portfolio/image_058_1.jpg,Designer Portfolio,False,West,Casual,mid-range
img_1161,seed_data/images/06_designer_portfolio/image_059_1.jpg,Designer Portfolio,False,Northwest,Graduation,premium
img_1162,seed_data/images/06_designer_portfolio/image_060_1.jpg,Designer Portfolio,False,South,Cultural Festival,mid-range
img_1163,seed_data/images/06_designer_portfolio/image_061_1.jpg,Designer Portfolio,False,Littoral,Wedding,premium
img_1164,seed_data/images/06_designer_portfolio/image_062_1.jpg,Designer Portfolio,False,Centre,Office,premium
img_1165,seed_data/images/06_designer_portfolio/image_063_1.jpg,Designer Portfolio,False,West,Casual,mid-range
img_1166,seed_data/images/06_designer_portfolio/image_064_1.jpg,Designer Portfolio,False,Northwest,Graduation,premium
img_1167,seed_data/images/06_designer_portfolio/image_065_1.jpg,Designer Portfolio,False,South,Cultural Festival,mid-range
img_1168,seed_data/images/06_designer_portfolio/image_066_1.jpg,Designer Portfolio,False,Littoral,Wedding,premium
img_1169,seed_data/images/06_designer_portfolio/image_067_1.jpg,Designer Portfolio,False,Centre,Office,premium
img_1170,seed_data/images/06_designer_portfolio/image_068_1.jpg,Designer Portfolio,False,West,Casual,mid-range
img_1171,seed_data/images/06_designer_portfolio/image_069_1.jpg,Designer Portfolio,False,Northwest,Graduation,premium
img_1172,seed_data/images/06_designer_portfolio/image_070_1.jpg,Designer Portfolio,False,South,Cultural Festival,mid-range
img_1173,seed_data/images/06_designer_portfolio/image_071_1.jpg,Designer Portfolio,False,Littoral,Wedding,premium
img_1174,seed_data/images/06_designer_portfolio/image_072_1.jpg,Designer Portfolio,False,Centre,Office,premium
img_1175,seed_data/images/06_designer_portfolio/image_073_1.jpg,Designer Portfolio,False,West,Casual,mid-range
img_1176,seed_data/images/06_designer_portfolio/image_074_1.jpg,Designer Portfolio,False,Northwest,Graduation,premium
img_1177,seed_data/images/06_designer_portfolio/image_075_1.jpg,Designer Portfolio,False,South,Cultural Festival,mid-range
img_1178,seed_data/images/06_designer_portfolio/image_076_1.jpg,Designer Portfolio,False,Littoral,Wedding,premium
img_1179,seed_data/images/06_designer_portfolio/image_077_1.jpg,Designer Portfolio,False,Centre,Office,premium
img_1180,seed_data/images/06_designer_portfolio/image_078_1.jpg,Designer Portfolio,False,West,Casual,mid-range
img_1181,seed_data/images/06_designer_portfolio/image_079_1.jpg,Designer Portfolio,False,Northwest,Graduation,premium
img_1182,seed_data/images/06_designer_portfolio/image_080_1.jpg,Designer Portfolio,False,South,Cultural Festival,mid-range
img_1183,seed_data/images/06_designer_portfolio/image_081.jpg,Designer Portfolio,False,Littoral,Wedding,premium
img_1184,seed_data/images/06_designer_portfolio/image_082.jpg,Designer Portfolio,False,Centre,Office,premium
img_1185,seed_data/images/06_designer_portfolio/image_083.jpg,Designer Portfolio,False,West,Casual,mid-range
img_1186,seed_data/images/06_designer_portfolio/image_084.jpg,Designer Portfolio,False,Northwest,Graduation,premium
img_1187,seed_data/images/06_designer_portfolio/image_085.jpg,Designer Portfolio,False,South,Cultural Festival,mid-range
img_1188,seed_data/images/06_designer_portfolio/image_086.jpg,Designer Portfolio,False,Littoral,Wedding,premium
img_1189,seed_data/images/06_designer_portfolio/image_087.jpg,Designer Portfolio,False,Centre,Office,premium
img_1190,seed_data/images/06_designer_portfolio/image_088.jpg,Designer Portfolio,False,West,Casual,mid-range
img_1191,seed_data/images/06_designer_portfolio/image_089.jpg,Designer Portfolio,False,Northwest,Graduation,premium
img_1192,seed_data/images/06_designer_portfolio/image_090.jpg,Designer Portfolio,False,South,Cultural Festival,mid-range
img_1193,seed_data/images/06_designer_portfolio/image_091.jpg,Designer Portfolio,False,Littoral,Wedding,premium
img_1194,seed_data/images/06_designer_portfolio/image_092.jpg,Designer Portfolio,False,Centre,Office,premium
img_1195,seed_data/images/06_designer_portfolio/image_093.jpg,Designer Portfolio,False,West,Casual,mid-range
img_1196,seed_data/images/06_designer_portfolio/image_094.jpg,Designer Portfolio,False,Northwest,Graduation,premium
img_1197,seed_data/images/06_designer_portfolio/image_095.jpg,Designer Portfolio,False,South,Cultural Festival,mid-range
img_1198,seed_data/images/06_designer_portfolio/image_096.jpg,Designer Portfolio,False,Littoral,Wedding,premium
img_1199,seed_data/images/06_designer_portfolio/image_097.jpg,Designer Portfolio,False,Centre,Office,premium
img_1200,seed_data/images/06_designer_portfolio/image_098.jpg,Designer Portfolio,False,West,Casual,mid-range
img_1201,seed_data/images/06_designer_portfolio/image_099.jpg,Designer Portfolio,False,Northwest,Graduation,premium
img_1202,seed_data/images/06_designer_portfolio/image_100.jpg,Designer Portfolio,False,South,Cultural Festival,mid-range
img_1203,seed_data/images/06_designer_portfolio/image_101.jpg,Designer Portfolio,False,Littoral,Wedding,premium
img_1204,seed_data/images/06_designer_portfolio/image_102.jpg,Designer Portfolio,False,Centre,Office,premium
img_1205,seed_data/images/06_designer_portfolio/image_103.jpg,Designer Portfolio,False,West,Casual,mid-range
img_1206,seed_data/images/06_designer_portfolio/image_104.jpg,Designer Portfolio,False,Northwest,Graduation,premium
img_1207,seed_data/images/06_designer_portfolio/image_105.jpg,Designer Portfolio,False,South,Cultural Festival,mid-range
img_1208,seed_data/images/06_designer_portfolio/image_106.jpg,Designer Portfolio,False,Littoral,Wedding,premium
img_1209,seed_data/images/06_designer_portfolio/image_107.jpg,Designer Portfolio,False,Centre,Office,premium
img_1210,seed_data/images/06_designer_portfolio/image_108.jpg,Designer Portfolio,False,West,Casual,mid-range
img_1211,seed_data/images/06_designer_portfolio/image_109.jpg,Designer Portfolio,False,Northwest,Graduation,premium
img_1212,seed_data/images/06_designer_portfolio/image_110.jpg,Designer Portfolio,False,South,Cultural Festival,mid-range
img_1213,seed_data/images/06_designer_portfolio/image_111.jpg,Designer Portfolio,False,Littoral,Wedding,premium
img_1214,seed_data/images/06_designer_portfolio/image_112.jpg,Designer Portfolio,False,Centre,Office,premium
img_1215,seed_data/images/06_designer_portfolio/image_113.jpg,Designer Portfolio,False,West,Casual,mid-range
img_1216,seed_data/images/06_designer_portfolio/image_114.jpg,Designer Portfolio,False,Northwest,Graduation,premium
img_1217,seed_data/images/06_designer_portfolio/image_115.jpg,Designer Portfolio,False,South,Cultural Festival,mid-range
img_1218,seed_data/images/06_designer_portfolio/image_116.jpg,Designer Portfolio,False,Littoral,Wedding,premium
img_1219,seed_data/images/06_designer_portfolio/image_117.jpg,Designer Portfolio,False,Centre,Office,premium
img_1220,seed_data/images/06_designer_portfolio/image_118.jpg,Designer Portfolio,False,West,Casual,mid-range
img_1221,seed_data/images/06_designer_portfolio/image_119.jpg,Designer Portfolio,False,Northwest,Graduation,premium
img_1222,seed_data/images/06_designer_portfolio/image_120.jpg,Designer Portfolio,False,South,Cultural Festival,mid-range
img_1223,seed_data/images/06_designer_portfolio/image_121.jpg,Designer Portfolio,False,Littoral,Wedding,premium
img_1224,seed_data/images/06_designer_portfolio/image_122.jpg,Designer Portfolio,False,Centre,Office,premium
img_1225,seed_data/images/06_designer_portfolio/image_123.jpg,Designer Portfolio,False,West,Casual,mid-range
img_1226,seed_data/images/06_designer_portfolio/image_124.jpg,Designer Portfolio,False,Northwest,Graduation,premium
img_1227,seed_data/images/06_designer_portfolio/image_125.jpg,Designer Portfolio,False,South,Cultural Festival,mid-range
img_1228,seed_data/images/06_designer_portfolio/image_126.jpg,Designer Portfolio,False,Littoral,Wedding,premium
img_1229,seed_data/images/06_designer_portfolio/image_127.jpg,Designer Portfolio,False,Centre,Office,premium
img_1230,seed_data/images/06_designer_portfolio/image_128.jpg,Designer Portfolio,False,West,Casual,mid-range
img_1231,seed_data/images/06_designer_portfolio/image_129.jpg,Designer Portfolio,False,Northwest,Graduation,premium
img_1232,seed_data/images/06_designer_portfolio/image_130.jpg,Designer Portfolio,False,South,Cultural Festival,mid-range
img_1233,seed_data/images/06_designer_portfolio/image_131.jpg,Designer Portfolio,False,Littoral,Wedding,premium
img_1234,seed_data/images/06_designer_portfolio/image_132.jpg,Designer Portfolio,False,Centre,Office,premium
img_1235,seed_data/images/06_designer_portfolio/image_133.jpg,Designer Portfolio,False,West,Casual,mid-range
img_1236,seed_data/images/06_designer_portfolio/image_134.jpg,Designer Portfolio,False,Northwest,Graduation,premium
img_1237,seed_data/images/06_designer_portfolio/image_135.jpg,Designer Portfolio,False,South,Cultural Festival,mid-range
img_1238,seed_data/images/06_designer_portfolio/image_136.jpg,Designer Portfolio,False,Littoral,Wedding,premium
img_1239,seed_data/images/06_designer_portfolio/image_137.jpg,Designer Portfolio,False,Centre,Office,premium
img_1240,seed_data/images/06_designer_portfolio/image_138.jpg,Designer Portfolio,False,West,Casual,mid-range
img_1241,seed_data/images/06_designer_portfolio/image_139.jpg,Designer Portfolio,False,Northwest,Graduation,premium
img_1242,seed_data/images/06_designer_portfolio/image_140.jpg,Designer Portfolio,False,South,Cultural Festival,mid-range
img_1243,seed_data/images/06_designer_portfolio/image_141.jpg,Designer Portfolio,False,Littoral,Wedding,premium
img_1244,seed_data/images/06_designer_portfolio/image_142.jpg,Designer Portfolio,False,Centre,Office,premium
img_1245,seed_data/images/06_designer_portfolio/image_143.jpg,Designer Portfolio,False,West,Casual,mid-range
img_1246,seed_data/images/06_designer_portfolio/image_144.jpg,Designer Portfolio,False,Northwest,Graduation,premium
img_1247,seed_data/images/06_designer_portfolio/image_145.jpg,Designer Portfolio,False,South,Cultural Festival,mid-range
img_1248,seed_data/images/06_designer_portfolio/image_146.jpg,Designer Portfolio,False,Littoral,Wedding,premium
img_1249,seed_data/images/06_designer_portfolio/image_147.jpg,Designer Portfolio,False,Centre,Office,premium
img_1250,seed_data/images/06_designer_portfolio/image_148.jpg,Designer Portfolio,False,West,Casual,mid-range
img_1251,seed_data/images/06_designer_portfolio/image_149.jpg,Designer Portfolio,False,Northwest,Graduation,premium
img_1252,seed_data/images/06_designer_portfolio/image_150.jpg,Designer Portfolio,False,South,Cultural Festival,mid-range
img_1253,seed_data/images/06_designer_portfolio/image_151.jpg,Designer Portfolio,False,Littoral,Wedding,premium
img_1254,seed_data/images/06_designer_portfolio/image_152.jpg,Designer Portfolio,False,Centre,Office,premium
img_1255,seed_data/images/06_designer_portfolio/image_153.jpg,Designer Portfolio,False,West,Casual,mid-range
img_1256,seed_data/images/06_designer_portfolio/image_154.jpg,Designer Portfolio,False,Northwest,Graduation,premium
img_1257,seed_data/images/06_designer_portfolio/image_155.jpg,Designer Portfolio,False,South,Cultural Festival,mid-range
img_1258,seed_data/images/06_designer_portfolio/image_156.jpg,Designer Portfolio,False,Littoral,Wedding,premium
img_1259,seed_data/images/06_designer_portfolio/image_157.jpg,Designer Portfolio,False,Centre,Office,premium
img_1260,seed_data/images/06_designer_portfolio/image_158.jpg,Designer Portfolio,False,West,Casual,mid-range
img_1261,seed_data/images/06_designer_portfolio/image_159.jpg,Designer Portfolio,False,Northwest,Graduation,premium
img_1262,seed_data/images/06_designer_portfolio/image_160.jpg,Designer Portfolio,False,South,Cultural Festival,mid-range
